country,factor,q_state,r_obs,snr,neg_loglik,T,beta_mean,beta_std
Mexico,factor_1,0.12391404154727571,0.0029997696755821,41.30785191807448,-77.44845477043363,56,0.9855907750304498,0.5755378110196188
Mexico,factor_2,0.029280996311626898,0.0020255587793502026,14.455762335872679,-90.5861470232807,56,-0.0682312235947834,0.23386682528530517
Mexico,factor_3,0.00033546262790251185,0.005615897457666043,0.05973446460362001,-63.56446620943963,56,0.09802809984075751,0.1253271886683502
Mexico,factor_4,0.0705176366744018,0.0510004422208193,1.3826867690495286,-3.2122588626198922,56,0.021226777670675972,0.4335616524966983
Sweden,factor_1,0.0008738300501105036,0.00033546262790251185,2.604850667193979,-143.35425782708035,56,0.04681455757402633,0.04416213687739531
Sweden,factor_2,0.0029344600465374226,0.0005416461841385073,5.417669564504927,-126.88062088672253,56,0.048360621250601865,0.10649195790115817
Sweden,factor_3,0.00909199293136734,0.0023272891187728086,3.9066881970219467,-86.47347360495007,56,0.35540188356884805,0.15164437971288797
Sweden,factor_4,0.00033546262790251185,0.006181770765407324,0.05426642957706113,-60.813931627342924,56,0.04750282554315118,0.17046255330023302
Switzerland,factor_1,0.00033546262790251185,0.001212645252585077,0.2766370685799361,-104.87778532593707,56,0.13479147234302777,0.049980579354947464
Switzerland,factor_2,0.28229691402128765,0.009406456514953847,30.010973162158155,-47.81974796392429,56,0.950006727282678,0.6759221320188403
Switzerland,factor_3,0.14156849245768233,0.11413319520311638,1.240379647706707,19.16723378497791,56,0.44557936751520444,0.5097630088926995
Switzerland,factor_4,7.38905609893065,0.8016256181198416,9.217589772469074,75.33351467337887,56,5.311379571079981,6.702990940857545
Ghana,factor_1,1.84516505662646,0.022988023093669922,80.26636518973014,-20.00515675311849,56,2.607824386919179,1.311066546553949
Ghana,factor_2,0.00033546262790251185,0.008469817292093227,0.03960683168640179,-52.826015641122574,56,1.2300495098165372,0.18367326671309891
Ghana,factor_3,0.5875475423001162,0.21219060147818622,2.768961199068554,36.76673147351175,56,2.3196455511658747,1.1144425429092903
Ghana,factor_4,0.8359425410049266,0.03447487115777002,24.247880062534186,-11.488990371993664,56,1.4268259985680802,1.4985084335172998
South Africa,factor_1,0.00348296365625175,0.012332148377411714,0.28242959374632165,-41.83616312919963,56,1.1630188386888638,0.17082882702907118
South Africa,factor_2,0.00033546262790251185,0.003765470470566098,0.08908916708410108,-74.86615994994175,56,-0.20043074945546274,0.07261428674247723
South Africa,factor_3,0.00033546262790251185,0.03067521252003851,0.010935951223919695,-17.336947501324524,56,0.5712013668662288,0.25968081152603845
South Africa,factor_4,0.00033546262790251185,0.008049053357812832,0.041677277188986984,-54.11768958598931,56,-0.13679646506725182,0.08348570407826157
Japan,factor_1,0.004467786943644316,0.00033546262790251185,13.318285174057275,-148.94511031947204,56,0.16335899724150083,0.12401128849987261
Japan,factor_2,0.08626593919604239,0.0005571795915188716,154.82609289561634,-122.31070024627003,56,0.43989542090060235,0.31280535421633765
Japan,factor_3,0.0022321209523543974,0.0006973444667771534,3.2008871636572462,-119.23247785242603,56,0.2700349117281737,0.09825960291954014
Japan,factor_4,0.0019503801764477954,0.00033546262790251185,5.8140013647499105,-150.60928059780557,56,0.04303839260988206,0.06287077051941507
Burma/Myanmar,factor_1,0.44859577295343717,0.030853047124264128,14.539755867440485,-14.839773431635345,55,1.7252878190577303,1.3037315553801248
Burma/Myanmar,factor_2,0.01568383769602255,0.005289820352621885,2.964909325937487,-64.0851948800669,55,0.6843158141056235,0.19055903568781557
Burma/Myanmar,factor_3,1.2946322084581627,0.0718543365117827,18.01745407872312,9.149164957618042,55,0.6476338038251332,2.6041979033151352
Burma/Myanmar,factor_4,0.571549444487393,0.0378016417682861,15.119698980029424,-9.46131312080261,55,-0.7941913656668187,1.0517334379196301
Russia,factor_1,7.38905609893065,0.0019284176627070064,3831.667922268613,-56.4142427550529,56,2.0920769208856465,1.7253161872492107
Russia,factor_2,7.38905609893065,0.0031560580746066913,2341.229446435797,-60.14385299473317,56,5.184291079545638,2.8762430448978513
Russia,factor_3,0.00033546262790251185,0.011223765975558417,0.029888597876420134,-44.74432541384432,56,-0.28144438586239845,0.1814391761743908
Russia,factor_4,0.00033546262790251185,0.039540557075191884,0.008484013699265361,-10.612658821692401,56,0.364458573207334,0.20435626551980296
Albania,factor_1,7.38905609893065,0.000694596068651539,10637.91811156586,-50.46953648974513,56,2.6740171933189707,1.521471865013118
Albania,factor_2,7.38905609893065,0.007635137482035539,967.769881854271,-29.069765219765415,56,4.9241919646215395,2.350451393842092
Albania,factor_3,0.1607414430090535,0.0024211595407382515,66.39027305075517,-80.29155539693387,56,-0.08408276670548064,0.35923433282385253
Albania,factor_4,0.00033546262790251185,0.020598871378957245,0.016285485827403308,-28.39721012301045,56,-0.6302541605709786,0.1669696602402094
Egypt,factor_1,4.823802897044526,0.006396931453643468,754.0807544994182,-44.86928763219919,56,1.5618984268711642,2.4906798675802655
Egypt,factor_2,0.10173159064505428,0.010011552628559083,10.161419953469899,-47.08587080313732,56,0.45353045747589443,0.7219885480214312
Egypt,factor_3,0.00033546262790251185,0.13676245939544737,0.002452885312134705,23.37589764544588,56,-0.4538477544957817,0.5695511151191445
Egypt,factor_4,0.00033546262790251185,0.04105048854977061,0.00817195214365814,-9.678430799633457,56,-0.7646317776254963,0.25522426156507527
Yemen,factor_1,1.0722358752166785,0.0037402833018513474,286.67236909192104,-65.23579021930553,56,1.917234309183361,0.9414189413953382
Yemen,factor_2,0.07954662735630282,0.006757739323975134,11.771189083024701,-57.80076414439474,56,2.257996399122129,0.3514403327038449
Yemen,factor_3,0.00033546262790251185,0.11026105602162153,0.003042439824236126,17.462636669064036,56,0.6301954879411668,0.6581314794865516
Yemen,factor_4,0.00033546262790251185,0.023438973462826255,0.014312172349806569,-24.974179987300683,56,0.10923740312973113,0.2636267764284122
Colombia,factor_1,0.3771024707682131,0.002963873559908653,127.2329818212068,-74.80236366644117,56,0.24448457941102805,0.39844422276322633
Colombia,factor_2,0.00033546262790251185,0.001717101725629035,0.19536561107328693,-96.03779002961573,56,-0.45966134681852633,0.11590466120273211
Colombia,factor_3,0.01146948956970468,0.006767696552471581,1.6947405192858407,-57.94826922267276,56,0.5913049955584521,0.2375119234476841
Colombia,factor_4,1.3226380465072616,0.10558407561338103,12.526870542016084,18.34827573973108,56,-0.9862380514821744,2.139022787945956
Poland,factor_1,5.743350657522374,0.026360413261129645,217.87786862929664,-12.858823407117837,56,3.3317860743289853,1.2052570771951545
Poland,factor_2,0.7989247636354002,0.02089855759180329,38.228703589990815,-25.506770442026557,56,0.5991322348478424,0.7067638222369428
Poland,factor_3,0.1477880966329855,0.006306725395181512,23.4334123293047,-56.873812043501324,56,-0.4842384569296236,0.35052201364429886
Poland,factor_4,0.012260558457974597,0.05105518471371767,0.240143259234559,-3.304890000968408,56,-1.4830776952256888,0.3813750606870336
Brazil,factor_1,5.300115875088425,0.005426590220900566,976.6935883006194,-47.53890246967893,56,1.4473956336059308,1.8448507447614884
Brazil,factor_2,0.00033546262790251185,0.004090863853566033,0.08200288249878736,-72.6137741853817,56,-0.17421477671104518,0.2435522111388618
Brazil,factor_3,0.00033546262790251185,0.009398003117990878,0.035695096467921544,-49.42650129466686,56,0.45375538274228133,0.1616989103597165
Brazil,factor_4,0.035372238954848714,0.011568032738010093,3.057757507775982,-43.41568074162111,56,-0.30639090078066133,0.3123443946786112
United States of America,factor_1,0.02206957619893739,0.003892495623521463,5.669775468872971,-72.73967341149897,56,0.2407850210700361,0.14449370537450165
United States of America,factor_2,0.00033546262790251185,0.0016176578043480545,0.20737551971797236,-97.47128831859501,56,-0.3651991134113225,0.21395879443500446
United States of America,factor_3,0.00033546262790251185,0.006886235429840248,0.04871495192407242,-58.077168925514776,56,0.46479951449924795,0.08063124083469121
United States of America,factor_4,0.008407717681417284,0.0020940556685027857,4.015040195864831,-89.67512419054339,56,0.4276533338077681,0.15873457264405214
Portugal,factor_1,0.3662163791246523,0.04467082734408522,8.198110509657761,-5.503144037401836,56,-0.39641634341679494,0.8047117095242321
Portugal,factor_2,0.0913179910964581,0.00927880946704853,9.841563340722976,-49.13343518136062,56,-0.13919433691380687,0.3162793590800301
Portugal,factor_3,0.13502938708051107,0.05597548091472863,2.4122952563142923,-0.02276720375315411,56,1.150363774758171,0.9830131676420157
Portugal,factor_4,0.00033546262790251185,0.009048171871235557,0.03707518299568986,-50.9227765000455,56,-0.2822237171793322,0.12791086234914886
Bangladesh,factor_1,0.02505278449007479,0.017965081541767937,1.3945266227613993,-30.30617220800842,54,0.6881377369981903,0.15468814798994457
Bangladesh,factor_2,0.3685813374559988,0.008196011253274441,44.970818861277735,-49.098977371602,54,0.868222756879977,0.9541146589749725
Bangladesh,factor_3,0.827000017827017,0.26806584233926634,3.085063022615015,41.67099391186857,54,0.01001263875181506,1.474928390976797
Bangladesh,factor_4,1.0172284074801154,0.056791655625913165,17.911582190535217,1.7663747939385412,54,-0.5244923891729463,1.274383668902506
Bolivia,factor_1,0.018575956532558963,0.02235444081033103,0.8309738852413676,-25.682508129218647,56,0.19357010850076128,0.20438199176592572
Bolivia,factor_2,0.0012285051795137157,0.009410937867587536,0.13054014347973153,-49.490199345509275,56,0.2641490826539525,0.22593053350805312
Bolivia,factor_3,0.12907277905685383,0.057625809392523465,2.2398432302731366,0.7443957201474225,56,1.774559489976794,0.8356237793518535
Bolivia,factor_4,0.08217951262167875,0.11132199017156134,0.7382145476830738,18.09684248707065,56,0.8702923184498779,0.5365054057097833
Haiti,factor_1,0.00033546262790251185,0.021891417104137622,0.015323933864432523,-26.692716317067447,56,0.8386819030040784,0.33947940822349465
Haiti,factor_2,0.00033546262790251185,0.01335941495703022,0.025110577744722192,-40.42911556060512,56,0.11789987716189507,0.34652910780117796
Haiti,factor_3,0.00033546262790251185,0.16901963314311333,0.0019847553900348776,29.18653229358278,56,0.020638340788578954,0.9221384601156399
Haiti,factor_4,0.00033546262790251185,0.04479909104068708,0.007488157016351975,-7.2822817499550645,56,-1.0358621569860413,0.41953074415163716
Mali,factor_1,5.4048871125385265,0.0018876887206534187,2863.23007252363,-66.59751250266264,56,2.0852136749478087,1.324352455136531
Mali,factor_2,0.5565287331671199,0.004378395545205132,127.1079159982669,-66.35704056577381,56,2.2697115270089214,0.9542281867592124
Mali,factor_3,1.2733863805264876,0.20198002005804594,6.304516556442246,36.13225993210706,56,2.7135182066368158,1.599461298482129
Mali,factor_4,0.00033546262790251185,0.024130889253264887,0.013901793024769033,-24.07192099113429,56,0.9009960836489291,0.2695673474809568
Pakistan,factor_1,0.2295962590002774,0.01151954216885435,19.931022920428386,-41.59764992547167,56,0.28462157416395795,0.5985219759190459
Pakistan,factor_2,0.06808321574990726,0.006827794600126525,9.971479773080114,-57.57435710752965,56,1.0126646562297625,0.4227834954374
Pakistan,factor_3,0.2450043590283975,0.20582206486463422,1.190369745777902,35.33557825320471,56,-0.40034289969825415,0.9210534883507516
Pakistan,factor_4,0.28725711995366143,0.06197524320443799,4.635030136244649,2.841969061041885,56,1.2048278052421044,1.027799265692052
Senegal,factor_1,0.00033546262790251185,0.001500029350044787,0.22363737609033837,-99.2216274513289,56,0.3155390029560764,0.03691713873820895
Senegal,factor_2,0.033995977391869436,0.0022017980678152504,15.440097749564375,-88.25611560670201,56,0.2217437491693652,0.35333845314338663
Senegal,factor_3,0.00033546262790251185,0.006945585059490432,0.0482986854281104,-57.848440609153094,56,0.3762211748375746,0.08649587413015761
Senegal,factor_4,0.07544456438556074,0.015986754320086963,4.719192080831974,-34.40150951108164,56,-0.5698096602003431,0.5757468474075056
Sudan,factor_1,7.38905609893065,0.012073172503602108,612.0227385739812,-26.722902037523546,54,0.630904893913951,1.0615191284197365
Sudan,factor_2,0.23622639103839355,0.0050592064032541,46.69238062444969,-62.27145550407669,54,0.7491676201733803,0.8069319048070545
Sudan,factor_3,0.00033546262790251185,0.26955789797632246,0.0012444919270441052,40.50441578465073,54,-0.22049714152568076,0.9773100471722345
Sudan,factor_4,0.00033546262790251185,0.08147047266427322,0.004117597663694669,8.784117427323272,54,0.8342066447962995,0.3864984103909797
Vietnam,factor_1,0.2900217506885383,0.0014437342894406881,200.88305224148593,-92.8862040448148,56,0.6080614746300497,0.26054505436248937
Vietnam,factor_2,0.00033546262790251185,0.0037775552569575504,0.08880416170872747,-74.68102056455005,56,0.34561432789527136,0.16185853026333166
Vietnam,factor_3,0.00033546262790251185,0.005858403807467182,0.05726177964634799,-62.45978120018775,56,0.7453636847282504,0.18173738077493373
Vietnam,factor_4,0.005424801106449081,0.002046823974315785,2.6503505794935256,-90.76546866505015,56,-0.008296001774368974,0.1417072696502
Afghanistan,factor_1,0.7696132520387544,0.05518784375228787,13.945340127677108,0.769189824155059,54,1.7773389645126807,1.5333099653243942
Afghanistan,factor_2,0.44581341575929945,0.027402430885308717,16.269119248041374,-18.646376633197743,54,1.0532852998257518,0.867150525510672
Afghanistan,factor_3,3.520444758515084,0.14660191646896684,24.013633950414988,28.310255786218455,54,3.2501013049339047,3.53169568012559
Afghanistan,factor_4,0.1014414177235611,0.023097297508861688,4.391917179256201,-23.372475711586134,54,0.021728740346444706,0.5895279386889044
Argentina,factor_1,0.09333185596809772,0.0616413514817902,1.5141111238560268,2.3203941460631787,56,-0.2688502612804866,0.3601425777295106
Argentina,factor_2,0.00033546262790251185,0.0128724476717185,0.02606051595296381,-41.42452667031324,56,1.4414872012974762,0.23906244869215712
Argentina,factor_3,0.1261003932913681,0.17579837317753466,0.7173012526345864,30.81673115041789,56,-1.3491950683295495,0.6889603177726593
Argentina,factor_4,0.06772066308796078,0.012513286494794742,5.411900631870862,-40.93238985678528,56,0.9804872398493157,0.5022542301197408
Ethiopia,factor_1,3.0034835361268173,0.006324158777093886,474.9222215933983,-48.11016431412334,56,0.6878179930882401,0.5219935296555893
Ethiopia,factor_2,1.645184029573167,0.0033996745020857142,483.9239840648979,-69.13165109003704,56,2.086781766085375,0.7435253471862038
Ethiopia,factor_3,0.00033546262790251185,0.06592257881340897,0.005088736422948871,3.383706892233678,56,0.7047464536940903,0.22514194995652478
Ethiopia,factor_4,0.008336480590865291,0.01518167180512759,0.5491147943304673,-36.211807486738515,56,-0.11370478730435973,0.2538031139913341
India,factor_1,0.00033546262790251185,0.012532715730072674,0.02676695419633256,-41.54292322695737,56,0.5869986030997665,0.15830494263370876
India,factor_2,0.2273006534361882,0.00407128360191597,55.83021858983716,-69.86115589963855,56,1.2581004318618836,0.753199639123788
India,factor_3,0.00033546262790251185,0.0031565386763766153,0.10627546889036973,-79.16904013764793,56,0.06342723308299687,0.10995502287998285
India,factor_4,0.056373445247942224,0.000722831424754207,77.98975434294594,-114.9866557646814,56,-0.18318787697125988,0.3100114926672144
Kenya,factor_1,3.2139088419013895,0.0014514835800359834,2214.223354715259,-76.45844554420488,56,1.3333905501971741,1.110514274505692
Kenya,factor_2,1.985906913946787,0.0034873376564601697,569.4621827823196,-67.6394311531108,56,0.4933013760653886,0.7678731886279647
Kenya,factor_3,0.00033546262790251185,0.0034584032271153357,0.09699928142338747,-76.66667686965049,56,0.2123786312897483,0.09638983947051818
Kenya,factor_4,0.005681964149104378,0.02295634981695903,0.24751165557282195,-25.364721194523256,56,-1.3735851104615102,0.6648686231099122
North Korea,factor_1,0.00033546262790251185,0.00033546262790251185,1.0,-150.54247524395075,56,0.021237821379634758,0.022066551403495015
North Korea,factor_2,0.00033546262790251185,0.00101944908462309,0.32906266037458737,-110.22441170473284,56,0.21746890254746234,0.05218320434657019
North Korea,factor_3,0.00033546262790251185,0.0009185865712824701,0.36519435226900937,-112.47080258061935,56,-0.018799550420830605,0.03389706134665928
North Korea,factor_4,0.012294423859339182,0.0010128261375703944,12.138730827811681,-108.92261176607816,56,-0.2047708595157765,0.1916029187194708
South Korea,factor_1,0.5051030970898759,0.01848840193763517,27.31999762844203,-28.267509122128835,56,1.2926809200396274,0.9918790630171154
South Korea,factor_2,0.12655421025651095,0.00467468738026836,27.072229640572427,-67.07924888004634,56,-0.24749121627577123,0.7026063856564958
South Korea,factor_3,0.00033546262790251185,0.04388481397085242,0.007644162012976075,-7.4779480345410505,56,-0.3400535137081056,0.13733076959363355
South Korea,factor_4,0.12534942172950747,0.010508409459517223,11.928486628961856,-45.06882485973714,56,0.9570110296395511,0.7410370366609005
Lebanon,factor_1,0.00033546262790251185,0.0016646344911227283,0.20152329516869252,-96.488374749661,56,-0.027898180464193206,0.04486673549297071
Lebanon,factor_2,0.00033546262790251185,0.004960259547722296,0.06763005537816123,-67.29527340767953,56,-0.8475874978775458,0.2719086454678653
Lebanon,factor_3,0.016293293089395894,0.028862175201574337,0.5645206217342603,-18.67500025253699,56,0.4121986664988748,0.3647030768941784
Lebanon,factor_4,0.00033546262790251185,0.034071770567489036,0.009845764464691693,-14.673371846630893,56,-0.6087079747928892,0.3766681806949838
Nigeria,factor_1,0.14687381269191382,0.009496859246913701,15.46551432144738,-47.09295348528032,56,0.5939195382186883,0.26954379851203375
Nigeria,factor_2,0.00033546262790251185,0.0075916238601312835,0.04418852067529998,-55.46734339728224,56,0.33859248935693237,0.1694400879828986
Nigeria,factor_3,1.837902267187913,0.1589311228550781,11.564143222368163,30.420641320106252,56,1.839103895891228,1.961673362858338
Nigeria,factor_4,0.3313722921732902,0.00793582391522348,41.756507668675816,-50.8818452649024,56,-0.058271785956348555,0.7426208620921587
Philippines,factor_1,0.9489583618371374,0.03932042177241504,24.133982268289714,-7.737813858153171,56,1.7304521989097748,1.2084925125453556
Philippines,factor_2,0.10546085152264278,0.00826153954791605,12.765278300851927,-52.24335525198541,56,0.48936557909989975,0.5807831675862464
Philippines,factor_3,0.1586080355099475,0.06482786593907179,2.4466027565833284,4.128070543231454,56,0.4864040530231168,0.6009326251966509
Philippines,factor_4,0.5533522465713273,0.04892169260854267,11.310979180526173,-2.86832420028769,56,-0.0918358502805007,0.9480616349723859
Tanzania,factor_1,0.00033546262790251185,0.00289781496561551,0.11576399179485151,-81.41678280573046,56,1.0333963325153173,0.11026608633135317
Tanzania,factor_2,0.13610356705671767,0.004585736751415042,29.679760185693073,-67.44453848670088,56,1.4556320243415986,0.6512583821653694
Tanzania,factor_3,0.00033546262790251185,0.0046591457097808625,0.07200088788772609,-68.56627104759805,56,0.7314579457205571,0.13975157302260047
Tanzania,factor_4,0.00033546262790251185,0.0018686946172450493,0.17951709434314772,-93.59362462315042,56,-0.06796301581568662,0.0864552903628552
Taiwan,factor_1,0.00033546262790251185,0.008628676731474137,0.03887764466582362,-51.95041157475901,56,1.3660944923477463,0.21839222638229083
Taiwan,factor_2,0.00033546262790251185,0.007398800688939223,0.04534013578768367,-56.53848023856318,56,0.3013906059963534,0.2868753501706383
Taiwan,factor_3,0.00033546262790251185,0.04448979925334375,0.007540214465618189,-7.3708054956943805,56,0.43483219858306577,0.2633616353736311
Taiwan,factor_4,1.0834798991160648,0.36266811777348107,2.9875245328093483,51.005801103619774,56,1.7295370017248046,2.062689440445841
Thailand,factor_1,0.22829499277387452,0.03539283954351578,6.450315818632862,-12.031382715240944,56,0.8135279058456777,0.4663136722489706
Thailand,factor_2,0.00033546262790251185,0.008525623869788813,0.03934757538287008,-52.63318738132992,56,0.20768614415721526,0.1890114635933777
Thailand,factor_3,0.049011187483653754,0.15642236284523908,0.31332596306670274,27.420612735096626,56,0.5959296218089918,0.5688515603138853
Thailand,factor_4,0.27109465757987833,0.047843194152775194,5.66631602217456,-4.098278524222385,56,1.1655042168612941,0.7834747665964393
Uganda,factor_1,7.38905609893065,0.002808304677583579,2631.14474647694,-54.37244772210299,56,1.983463624941996,1.6414267365324495
Uganda,factor_2,0.00033546262790251185,0.008220600428330543,0.0408075578939966,-53.66309552428612,56,-0.2935201534801236,0.26613278146717273
Uganda,factor_3,0.00033546262790251185,0.11361531482281542,0.0029526180376797813,18.348637649046953,56,1.9972388204228053,0.2652079852946071
Uganda,factor_4,0.10763025485444302,0.06444184131687199,1.6701921089623422,3.363634239123454,56,-0.127349269980332,0.7547052344840987
Venezuela,factor_1,3.038872380179044,0.004452220091876351,682.5521464502301,-55.30725055248362,56,-0.5066972722033057,1.6117324865487797
Venezuela,factor_2,0.01747396008281536,0.004343222901992847,4.0232703863293775,-70.5361171550865,56,-0.5898965358194928,0.22966986099908637
Venezuela,factor_3,0.007411931248737514,0.01387581434561773,0.5341618923489241,-38.84620583933387,56,0.7240575619726094,0.17043836407431706
Venezuela,factor_4,0.00033546262790251185,0.09317653754580071,0.003600290767808537,12.861027265755972,56,1.048023926679973,0.8062553257476347
Benin,factor_1,4.752899548742336,0.006745731580571041,704.5788128350035,-43.843834331832475,56,2.8473336067962873,1.2226660704024461
Benin,factor_2,7.38905609893065,0.004842603837404056,1525.8436054293584,-48.153153780072294,56,3.7205227240960297,1.7147719427249863
Benin,factor_3,1.0535693213597501,0.07038579969405667,14.968492592813615,8.47206754127093,56,0.7421253810217149,1.2562170200047589
Benin,factor_4,7.38905609893065,0.0014790045998472315,4995.96559719549,-56.38487996498945,56,-0.6945835222786074,1.9429397072511723
Bhutan,factor_1,0.014081974065136412,0.004260604020378431,3.3051590802108004,-70.55369708836331,56,0.367677493635585,0.20234637429577546
Bhutan,factor_2,0.10812541649317424,0.0012218765673483135,88.49127594600276,-102.03760368646721,56,-0.27871126883259406,0.35291640067150665
Bhutan,factor_3,0.00033546262790251185,0.07413981401786761,0.004524729827642483,6.598425465380626,56,0.3285271979249769,0.24571553531122972
Bhutan,factor_4,0.00033546262790251185,0.016757768610216113,0.02001833511998741,-33.992953204390886,56,-0.748413023352517,0.38920775150845854
Burkina Faso,factor_1,0.257217236188507,0.010438252588070986,24.641790761267767,-44.16326178641588,56,1.237297057149025,0.6424977347847555
Burkina Faso,factor_2,0.04466365527702998,0.010011478242641928,4.461244802669989,-47.55378825314775,56,1.9540196623317136,0.3663989466367292
Burkina Faso,factor_3,0.00033546262790251185,0.20500000620867634,0.0016364030133786108,34.49463783307627,56,2.4741799285661066,0.9258643501551042
Burkina Faso,factor_4,0.00033546262790251185,0.03708211538321253,0.009046480343308013,-12.45004177681824,56,-0.7809813221147678,0.35937613428217985
Cambodia,factor_1,1.265624575067967,0.058155624313398345,21.762720115385,2.8776072288675203,56,2.180707981508888,1.1171727315104432
Cambodia,factor_2,7.38905609893065,0.017929969482587547,412.106451497669,-21.719192409353038,56,4.429465996341437,2.9980547420759436
Cambodia,factor_3,0.13096503758014738,0.13908687876373274,0.9416059857279424,24.49666305076739,56,-0.21322290316158007,0.7246738744169015
Cambodia,factor_4,0.558578989195164,0.02525750583893284,22.115366131447153,-20.073999346941434,56,-0.8773731798930529,1.1322979547106513
Indonesia,factor_1,0.00033546262790251185,0.038406865638212155,0.008734444280419225,-11.376528768645018,56,0.3591926845291565,0.1122684226078985
Indonesia,factor_2,0.00033546262790251185,0.005192861367051767,0.06460072861389902,-65.92472947678974,56,0.48990076862959947,0.11827574084129502
Indonesia,factor_3,0.00033546262790251185,0.02738123029863784,0.012251554230534353,-20.590994235480448,56,-0.08034031762905876,0.17969519272728077
Indonesia,factor_4,0.028973316096106396,0.005701205282277686,5.081963315050336,-62.51715803626033,56,-0.48071064698934923,0.2790643734511089
Mozambique,factor_1,0.662265655766757,0.005998800369866039,110.39968242542905,-55.98636364542578,56,2.289099807868,0.5739606533893725
Mozambique,factor_2,7.38905609893065,0.02009061126278774,367.78652487377616,-18.03098545763211,56,5.49293018680471,4.154526925610333
Mozambique,factor_3,0.00033546262790251185,0.08269416659863689,0.00405666616764769,9.58556794413049,56,0.9568400121302123,0.2430496752233921
Mozambique,factor_4,0.03947759046257287,0.00356322811651241,11.07916450244349,-74.66294591169287,56,0.6009276046395389,0.23155316477062216
Nepal,factor_1,2.129363772491729,0.006670568241151661,319.21774810058736,-48.75290251334775,56,1.6771563177306208,0.7238653458106884
Nepal,factor_2,0.00033546262790251185,0.0028119001236642143,0.11930104667635466,-82.73103502270605,56,0.6292194753514742,0.14757324096861116
Nepal,factor_3,0.00033546262790251185,0.07744876322000722,0.004331413620506367,7.8165011426792645,56,0.4770330035023822,0.3752569709054236
Nepal,factor_4,0.00033546262790251185,0.04986600714519959,0.006727280708995077,-4.326558757297908,56,0.9077023609407903,0.5317537583766393
Nicaragua,factor_1,1.622095731958815,0.012651811968448107,128.21054691644963,-34.96789842460133,56,3.1288816452098915,1.0267281983821892
Nicaragua,factor_2,0.00033546262790251185,0.02175640525396791,0.015419028280939497,-27.072555857754736,56,1.1396470396458716,0.20438711956718833
Nicaragua,factor_3,1.0334750583983043,0.05334214776423796,19.374455317511128,1.3848773926899884,56,-1.8532929841533792,1.8645921784016872
Nicaragua,factor_4,0.10552895157890173,0.015840810609275092,6.66184036801201,-34.367340566385764,56,0.22146498116321153,0.733038453260041
Niger,factor_1,0.09477590441690661,0.01367086843078195,6.932690845265168,-37.39913420239343,55,2.2809479236183936,0.4731291698248204
Niger,factor_2,0.00033546262790251185,0.01572916553533113,0.02132742688408929,-35.2806992559992,55,2.00421401792333,0.3854941247335202
Niger,factor_3,0.039856484801988945,0.3195698313159325,0.12471917213795475,45.95143537944313,55,-0.233307863516353,1.3260119620698025
Niger,factor_4,0.00033546262790251185,0.05449400866576215,0.006155954317107864,-1.6555550034226933,55,2.365776408951654,0.912822588623623
Zambia,factor_1,4.2416489106960125,0.0029258614334577667,1449.7094299107855,-61.19116190397018,56,1.1706908595370087,1.0439014408984173
Zambia,factor_2,1.4810504684251806,0.008254872404579124,179.4153072073671,-48.062868392810536,56,2.4820321535794214,1.0057951323065404
Zambia,factor_3,0.00033546262790251185,0.007859830006953955,0.04268064673227189,-54.45736938726125,56,0.302581604631941,0.11555321980967641
Zambia,factor_4,7.038738851993162,0.0011095923278603048,6343.535977367827,-70.48870310557501,56,0.5422980303813386,1.498534593724434
Zimbabwe,factor_1,3.2150521591312913,0.0027926078088919767,1151.2723515612197,-64.14854533141644,56,0.7271863453730016,1.0620481631566903
Zimbabwe,factor_2,0.00033546262790251185,0.00544693012786565,0.061587466706491616,-64.80929127166296,56,0.8326011672934749,0.17220588944704734
Zimbabwe,factor_3,0.06576265547741778,0.16325192992085216,0.4028292682928823,28.597574526518205,56,1.559470515376717,0.3935840730051878
Zimbabwe,factor_4,0.027580209421244593,0.024244581989936252,1.1375823857343854,-23.489359876214394,56,0.3044679853783167,0.36485814633440605
Guinea,factor_1,0.00033546262790251185,0.008066681262972797,0.04158620093771804,-53.28184647946487,56,1.2463293147609942,0.20973659452723878
Guinea,factor_2,0.03806762955987661,0.013520847757040325,2.815476532531382,-39.34378381918666,56,1.459837701204415,0.31239558240839155
Guinea,factor_3,0.31229291910782125,0.1860099860931946,1.6789040506210051,32.662396495757946,56,1.8116369621094528,1.4260462510113714
Guinea,factor_4,0.24840262417211778,0.01714882716769909,14.48510861664056,-31.39467852313425,56,-1.093903367933064,0.7339144110273785
Ivory Coast,factor_1,3.538603762423534,0.0006186392334816387,5719.9795468978455,-88.57236637388411,56,1.4583413039647057,0.7987313165382078
Ivory Coast,factor_2,0.012656036680025004,0.012008718569239435,1.0539040120769994,-42.891464695591864,56,0.9471531879225507,0.40909298895728957
Ivory Coast,factor_3,0.00033546262790251185,0.09488292585685086,0.0035355426160510873,13.362757469440806,56,-0.17397052505006344,0.1490357572453149
Ivory Coast,factor_4,5.892863876695139,0.005851174837721199,1007.1249005764074,-45.17268755953041,56,1.5496837301698927,1.4467385027711452
Canada,factor_1,0.00033546262790251185,0.00033546262790251185,1.0,-142.3467913987733,56,-0.07974034156444361,0.021583866299504817
Canada,factor_2,0.009158239049426461,0.0013995057829956294,6.543909400519471,-101.0618046170644,56,-0.4098780898949495,0.1947361111673901
Canada,factor_3,0.00033546262790251185,0.0036981567574088277,0.09071076482370614,-74.87219310247828,56,0.1813375749420927,0.13100758415160113
Canada,factor_4,4.761860604716779,0.000482577677665034,9867.552572587234,-86.71600856412545,56,0.2194206958539979,0.8763148108334601
Australia,factor_1,0.00033546262790251185,0.0005166932129019357,0.6492491473198043,-128.0839592631328,56,0.018664445020306224,0.0451166331345386
Australia,factor_2,0.00033546262790251185,0.0010536847691265854,0.3183709566007884,-109.2826569516672,56,-0.010645803182753984,0.07975658303394943
Australia,factor_3,0.00033546262790251185,0.0039022703024877248,0.08596601513961041,-73.43783852203636,56,0.39582072081347314,0.07500789929348779
Australia,factor_4,0.00033546262790251185,0.07337055678932129,0.004572169581127354,6.299482190408915,56,-0.5082811450482114,0.4803731666517692
Botswana,factor_1,0.00033546262790251185,0.0009694563502694308,0.346031698909683,-111.00432130377857,56,0.06435850497332318,0.03772917382930707
Botswana,factor_2,0.03358391099763751,0.002902538820762153,11.570529481779332,-80.93922970465255,56,-0.5043615019343991,0.29958342543433486
Botswana,factor_3,0.00033546262790251185,0.006214369930611253,0.053981760282738,-60.850926466652496,56,0.4012058493138176,0.07512251990443532
Botswana,factor_4,0.00033546262790251185,0.04441858092473383,0.007552304034002006,-7.488791564562363,56,0.09773502543308595,0.4406689177378878
Burundi,factor_1,2.353378311534388,0.006214883193199074,378.6681484391665,-49.84887686391582,56,0.7921798947940161,0.671950363268428
Burundi,factor_2,0.00033546262790251185,0.010261565734036223,0.032691173705570856,-47.58083887930101,56,1.9543424726928031,0.37755093796578226
Burundi,factor_3,0.00033546262790251185,0.1834016516477295,0.0018291145411648468,31.498013863018517,56,0.5319208555268834,0.764396904961947
Burundi,factor_4,0.09695407495080997,0.0214964264407011,4.510241514712333,-26.186530827325264,56,0.32796591660026636,0.43378400273649564
Central African Republic,factor_1,1.6362389829522228,0.013202030122992816,123.9384373243119,-33.82390328139447,56,2.1889020538989414,1.1935852331383552
Central African Republic,factor_2,0.2591254598517308,0.010264343302079218,25.245205876857266,-45.54740150503789,56,0.7452189993779678,0.6878665635875095
Central African Republic,factor_3,0.00033546262790251185,0.2199701756720548,0.0015250368686464133,36.52937101919108,56,0.7864616402598328,0.6372502950162958
Central African Republic,factor_4,0.06723682088846454,0.03496909858521818,1.9227496163394469,-13.386526636890434,56,-0.24801115418167283,0.6746255848348586
Chile,factor_1,4.8671893085764575,0.04709737677613527,103.34310829478538,0.46006184444779574,56,3.4368804018494266,0.7013660372383564
Chile,factor_2,0.00033546262790251185,0.009216112508596691,0.03639958036423665,-50.36773070054002,56,1.1327660687380623,0.1922019623291567
Chile,factor_3,4.840227947267617,0.03297701756894256,146.77579429821142,-5.277125661572049,56,0.6456638420892087,1.5276208351555278
Chile,factor_4,0.06092527376768092,0.028834709449603688,2.112914433008733,-18.606380842824134,56,1.028727083432532,0.48682223990419843
Costa Rica,factor_1,0.010559820195180683,0.00043247260721584584,24.41731573049737,-130.92352273340956,56,0.2202593053073943,0.1125854419213211
Costa Rica,factor_2,0.20732514456960077,0.0010948289650511921,189.36761009050088,-103.30131333260519,56,-0.41010436929433375,0.20266180312468351
Costa Rica,factor_3,0.05734022618378786,0.0036147804822508245,15.862713231228824,-72.8749697397568,56,0.511181150439314,0.2930917034593018
Costa Rica,factor_4,0.00033546262790251185,0.018926811832394516,0.01772420156512281,-30.83367308427663,56,-0.08444391268931736,0.17088974408846114
Ecuador,factor_1,1.2137989951370154,0.009831980077121641,123.45417562037623,-41.94976802536174,56,1.0171372462061972,1.5874417195345885
Ecuador,factor_2,0.12727043801686008,0.006907614957640522,18.42465725106552,-56.71833968986457,56,0.4758254969119228,0.5372014600423656
Ecuador,factor_3,0.6927089512677617,0.05466636462079765,12.671575219476415,1.222321494492842,56,2.898635872715667,1.5935253806687804
Ecuador,factor_4,0.25109565178462434,0.21254424213215717,1.181380635230271,35.96740820415112,56,3.9944385110553746,0.7612076286992185
France,factor_1,0.00033546262790251185,0.00033546262790251185,1.0,-147.88571230713612,56,0.07953353858584412,0.02860105734745029
France,factor_2,0.013609105919500106,0.0007689668118888225,17.69791063683476,-116.72394573778608,56,-0.018279604324568998,0.17881954052997126
France,factor_3,0.00033546262790251185,0.0035225091301668817,0.09523399812639209,-76.2175667735963,56,0.26156384444913583,0.06478918327425576
France,factor_4,0.00033546262790251185,0.00731697280181198,0.04584718803648384,-56.62648574678226,56,-0.1302934756998942,0.25499725145224156
Germany,factor_1,0.0014573052330473736,0.00033546262790251185,4.344165674010275,-145.74461912296235,56,0.37628694426822085,0.054063877115272045
Germany,factor_2,0.00033546262790251185,0.000524300164208017,0.6398293397623589,-128.18740744177916,56,-0.02767178751460959,0.06102248992758615
Germany,factor_3,0.00033546262790251185,0.0009709740364783144,0.34549083219487714,-110.95504748693355,56,0.2325229194611056,0.06377186699369979
Germany,factor_4,0.00033546262790251185,0.00033546262790251185,1.0,-150.5520978557322,56,-0.04477243504046153,0.03791717919364127
Guatemala,factor_1,4.8483908205962,0.004480076826543154,1082.2115352734338,-52.009802133911435,56,1.1802527116368389,1.2657977549741553
Guatemala,factor_2,0.01938324709610691,0.009770561822823157,1.9838416098887355,-48.62951618151103,56,0.3407915086854618,0.229618278884082
Guatemala,factor_3,0.00033546262790251185,0.08072575821419053,0.004155583488140492,8.919248707006634,56,0.24789652786984281,0.24342615508967996
Guatemala,factor_4,0.00033546262790251185,0.029295955782713427,0.01145081697933396,-18.86889975181225,56,0.5404784128964498,0.3972835278390488
Iran,factor_1,0.00033546262790251185,0.010148914257566357,0.03305404099284937,-46.99317061507876,56,0.309204689946276,0.13669715165692103
Iran,factor_2,0.13190194878180725,0.0077340201710855766,17.05477175698819,-53.75966660915549,56,0.44073806453575254,0.6334956731737346
Iran,factor_3,0.00033546262790251185,0.026421102515958632,0.012696768717349656,-21.575666692052366,56,-0.17967036593521454,0.16766762290994383
Iran,factor_4,7.38905609893065,0.007782105382192628,949.4931944559153,-36.42777480781222,56,-1.5631337974025343,2.134951071264924
Iraq,factor_1,0.4047280722893396,0.028786550981139577,14.059623626133956,-16.98390376497016,56,0.02861305642903351,1.0698520222894583
Iraq,factor_2,0.00033546262790251185,0.011944805674153548,0.028084393924330958,-43.44572981908319,56,0.8098144085034622,0.13647517210429233
Iraq,factor_3,0.00033546262790251185,0.12218660144745654,0.0027454943825961937,20.386007458118147,56,2.410804803931524,0.29195455247634794
Iraq,factor_4,0.00033546262790251185,0.044567399641250956,0.007527085506510287,-7.41697310311197,56,-0.017545834122680192,0.41868352038654916
Ireland,factor_1,0.0014117368600218825,0.00033546262790251185,4.208328268483441,-148.97513516283908,56,0.10682717588905379,0.02885615931506031
Ireland,factor_2,0.002983061249838029,0.0008620006654926802,3.4606252283263004,-114.4279808131113,56,-0.2949489605986149,0.09852766009778412
Ireland,factor_3,0.00033546262790251185,0.0056677703866555825,0.05918775903348838,-63.34187785745245,56,0.2500745107045506,0.10564327814792486
Ireland,factor_4,0.00033546262790251185,0.028707605926389886,0.011685496476532477,-19.145519655726527,56,-0.4221725944003537,0.38559130713736667
Italy,factor_1,0.0075801149714975775,0.0013350812272672128,5.677643289924291,-101.8212590942406,56,0.2366008629454242,0.11737785773437327
Italy,factor_2,0.00033546262790251185,0.009721499940652982,0.03450729105080663,-49.061506354695126,56,0.08226898692402757,0.11759795495483488
Italy,factor_3,0.00033546262790251185,0.08614104793927062,0.0038943411524203046,10.7738182345681,56,0.3865750212750248,0.30820599771927754
Italy,factor_4,0.00033546262790251185,0.5799024543561386,0.0005784811314085116,63.067540447778505,56,1.5525655035877723,1.3725707265619635
Jordan,factor_1,0.00033546262790251185,0.0008530569306921069,0.3932476436600104,-114.55440862953505,56,0.4094681448452214,0.047051195508757276
Jordan,factor_2,0.00033546262790251185,0.0023289048486126976,0.1440430802067088,-87.89646415293576,56,0.14989751227690692,0.1545122768306183
Jordan,factor_3,0.00033546262790251185,0.058118802556632584,0.0057720154777040995,0.008558161189672064,56,0.3769359854522252,0.3642687420958641
Jordan,factor_4,0.00033546262790251185,0.007639668362845515,0.043910627002343265,-55.04600875483053,56,-0.32489377863722013,0.24746497623744093
Latvia,factor_1,0.09725776345662146,0.0007524632472538776,129.25251008812015,-72.04529173636521,36,0.742318105478434,0.4486674284535368
Latvia,factor_2,0.00033546262790251185,0.003330173271861107,0.10073428633190445,-49.69531813781892,36,1.1141651341325303,0.21383224943021933
Latvia,factor_3,0.00033546262790251185,0.008891826490152771,0.03772707758906666,-32.52683276672857,36,-0.5130160510058372,0.15242682077542838
Latvia,factor_4,0.00033546262790251185,0.13252716530374947,0.0025312744533065247,14.3747043845313,36,-2.2282630993385135,0.4314404905316475
Lesotho,factor_1,0.00033546262790251185,0.007180932800259265,0.046715745326345356,-56.78082606072515,56,0.8861655974030582,0.05438500397031292
Lesotho,factor_2,0.004624597648081599,0.0026838124978323065,1.7231448366146476,-83.82514796350014,56,0.4745773345843176,0.15912256411927853
Lesotho,factor_3,0.00033546262790251185,0.0952726479119484,0.0035210801342747252,13.52093592186782,56,0.5358344206465445,0.3917802377793089
Lesotho,factor_4,0.00033546262790251185,0.021322576254476946,0.01573274373128703,-27.596973897279877,56,1.0416469413062563,0.30066519873121944
Liberia,factor_1,0.7016464100215007,0.015239143707061014,46.04237767614166,-32.5354682165667,56,0.3171893737858694,1.0817066433968465
Liberia,factor_2,4.1142252996215065,0.0025717652921578285,1599.7670207958533,-70.49945308013315,56,1.2274915987204689,1.4195513347145776
Liberia,factor_3,0.00033546262790251185,0.2397068788288332,0.0013994701759979724,38.81810715842651,56,-2.598460004462749,0.6531040698484644
Liberia,factor_4,0.21549433749304325,0.06075583950544334,3.546890953152517,2.142696452724394,56,-0.5304557285490185,0.7931590183791465
Malawi,factor_1,0.00033546262790251185,0.03550478428671756,0.009448378145139425,-13.49099787046486,56,0.4542665021346678,0.13729753698107566
Malawi,factor_2,0.00033546262790251185,0.04026471131807447,0.008331430101472642,-10.214533895470435,56,0.8233895227321765,0.2636379970866405
Malawi,factor_3,0.004214568898510373,0.004258108823989376,0.9897748208703105,-70.74409362012038,56,0.4951160479830261,0.15731020712252575
Malawi,factor_4,0.00033546262790251185,0.0037723636029375987,0.08892637699114736,-74.57331408226544,56,-0.538977216663944,0.15484267844748478
Maldives,factor_1,0.00033546262790251185,0.021571361759315105,0.01555129581736535,-27.03966231893245,56,0.4964963094769399,0.28653565953419846
Maldives,factor_2,0.00033546262790251185,0.005277957539070927,0.0635591751959344,-65.6392412690789,56,-0.2531880086492297,0.14691738223398207
Maldives,factor_3,0.00033546262790251185,0.011103598599211556,0.030212063675134328,-45.08645274006797,56,0.919155190162024,0.15353176237249763
Maldives,factor_4,0.00033546262790251185,0.011523932375178405,0.02911008299780295,-44.37045948216203,56,-0.07742192729588963,0.16913232003974205
Mongolia,factor_1,6.221688530184956,0.0006288375948780396,9893.951285453324,-80.27893495121208,56,3.214815408579409,1.2452275298954754
Mongolia,factor_2,7.38905609893065,0.011128244329654705,663.9911813618423,-26.839099841831636,56,1.9643625118179844,1.9411078219513396
Mongolia,factor_3,0.00033546262790251185,0.0095232315310809,0.03522571375143668,-49.29594032845546,56,0.03944912315541668,0.13276791296076693
Mongolia,factor_4,7.38905609893065,0.003609814169109122,2046.935313779385,-51.58470103705526,56,0.9497389970776723,1.00287747086905
Morocco,factor_1,1.5940655883765726,0.00033546262790251185,4751.842547539516,-108.36686452927944,56,0.8109227243105505,0.7860330102624842
Morocco,factor_2,0.00033546262790251185,0.0017732519829153285,0.18917933330095135,-95.26351202226974,56,0.391066512334066,0.058548429364418786
Morocco,factor_3,0.00033546262790251185,0.028093690137018852,0.011940853133439924,-19.764627519183996,56,0.6670555572854556,0.20245514221760486
Morocco,factor_4,0.00033546262790251185,0.021939528655323434,0.01529032975925464,-26.697885187099452,56,0.25691051617734095,0.21056817244620527
Netherlands,factor_1,0.00033546262790251185,0.00033546262790251185,1.0,-145.6178321787539,56,-0.038914601214479004,0.02941020964560639
Netherlands,factor_2,0.00033546262790251185,0.0019118898699633134,0.1754612716834725,-93.20877261487082,56,0.06923760531837526,0.18467449990585577
Netherlands,factor_3,0.00033546262790251185,0.006438337005225541,0.05210392491574154,-59.90453649745529,56,0.4194695366487374,0.150058396582933
Netherlands,factor_4,7.38905609893065,0.035603961517979336,207.53466142241825,-4.552427379504558,56,2.9666938988959295,2.950787110281708
Papua New Guinea,factor_1,0.08775326257533315,0.0027812686056810487,31.551523788852112,-79.94876680112372,56,-0.33495271822081213,0.41753339901178177
Papua New Guinea,factor_2,0.28151668970997085,0.0005051278383670864,557.3177091566018,-120.58771817846493,56,-0.3894823366673633,0.4431049775546475
Papua New Guinea,factor_3,0.00033546262790251185,0.010787356019614797,0.031097761795618458,-45.920093206289195,56,0.1435036915028067,0.1240588066902498
Papua New Guinea,factor_4,0.3203760982003194,0.005560655592130018,57.6148069040181,-59.874610019953984,56,-0.8010808596350109,0.8115390625909945
Sierra Leone,factor_1,0.00033546262790251185,0.009566960590817299,0.03506470259995641,-49.02733898499526,56,0.31583218270608343,0.08365509883201754
Sierra Leone,factor_2,0.0019704547425241185,0.0032842917475529735,0.5999633692689588,-78.31682684573724,56,0.4728198011247974,0.13204065898887232
Sierra Leone,factor_3,0.00033546262790251185,0.16478629566375064,0.002035743485532494,28.533033278127665,56,0.780281877990587,0.4736162207944993
Sierra Leone,factor_4,0.5358094358283201,0.02027052084387896,26.43293874661919,-25.965879233968632,56,1.5369161107984963,1.1436308988561554
Spain,factor_1,0.00033546262790251185,0.032579431269823135,0.010296761325395996,-15.707974624689667,56,-0.2683121974526329,0.28473962456156904
Spain,factor_2,0.00033546262790251185,0.0030833984179459654,0.10879639359936606,-80.08748954912399,56,-0.4964841151792014,0.22251300012706035
Spain,factor_3,0.00033546262790251185,0.016970997860353516,0.019766818113046654,-33.621378320144444,56,0.21615035771674507,0.10891409402524846
Spain,factor_4,0.42562317884728573,0.030650071772363598,13.886531229302356,-15.454701940441913,56,-1.7736770978135232,1.3738082921599601
Syria,factor_1,2.9673511403262802,0.0014710146837312503,2017.2138138006553,-76.77244875454575,56,0.20322739529913436,1.4295312276268188
Syria,factor_2,0.00033546262790251185,0.004673486579582796,0.07177994890753676,-69.01036870124001,56,-0.10800309253319883,0.16627261723752937
Syria,factor_3,0.09393748666285892,0.0771696060387928,1.2172860726493404,8.369679622243298,56,-0.4264528428992015,0.4385692692432855
Syria,factor_4,0.0474720604827479,0.015606561674900371,3.0418013571237785,-35.26170626105738,56,0.021240878134930714,0.3924762425128228
Tunisia,factor_1,0.00033546262790251185,0.05187795479210651,0.006466381129457212,-3.156593144634207,56,0.14068905818120703,0.2824862349955441
Tunisia,factor_2,0.015031536906320048,0.0029628126138979377,5.073401144510536,-80.8134753461003,56,0.04654861899033709,0.2164759065499292
Tunisia,factor_3,0.00033546262790251185,0.06624894234983228,0.005063667675343064,3.5094900690166573,56,0.010945032167413682,0.4534121845474874
Tunisia,factor_4,0.00033546262790251185,0.05709787910960396,0.005875220465869921,-0.6060005700527082,56,-0.14551667277999564,0.3640449083831639
Türkiye,factor_1,1.169186758140372,0.028490570854586533,41.03767397669224,-15.491251188770322,56,-0.24489474954784088,1.528710311528397
Türkiye,factor_2,0.00033546262790251185,0.014759945575967586,0.02272790412240532,-37.65050825289344,56,0.3614780493118211,0.23998757757055755
Türkiye,factor_3,0.026469483592014825,0.0654689900288156,0.4043056656344403,3.6233323195281124,56,-0.6575898458735185,0.4471691080448652
Türkiye,factor_4,0.00033546262790251185,0.06004187262884168,0.005587144657799517,0.7801161199523723,56,-0.8019200901084097,0.4224940161405468
Ukraine,factor_1,0.31060209694157886,0.012873158904890837,24.127884945440496,-25.13931095960757,36,1.348963108009741,0.5436095435322209
Ukraine,factor_2,0.3721060954041864,0.018867860372148743,19.721690115613757,-18.929603529309738,36,3.597855505627373,0.9195036642599519
Ukraine,factor_3,0.00033546262790251185,0.03157336846853021,0.010624860259584718,-10.69460627283621,36,0.38468236218346313,0.22854168421358043
Ukraine,factor_4,0.9562979714409164,0.21008268069958055,4.552007658396306,23.055290163689605,36,1.5238910374935482,1.2685640656246813
United Kingdom,factor_1,0.024292289193354712,0.00035480269357932053,68.46703712502642,-134.508036453997,56,0.44351976268164334,0.23861741414788315
United Kingdom,factor_2,0.00033546262790251185,0.0006760186948610728,0.4962327676033458,-121.34115700855436,56,0.08433532233363718,0.07369203889323367
United Kingdom,factor_3,0.004894760992596447,0.0016328008955981282,2.997769664257439,-96.2604203634157,56,0.0028081645108800402,0.11205617207584027
United Kingdom,factor_4,0.00033546262790251185,0.005645434394514977,0.05942193362984477,-63.60679313409876,56,0.297227171465549,0.11803772234555512
Uruguay,factor_1,0.5900519030918433,0.057805535503715144,10.207532859096528,1.7249689862519015,56,1.7032786990308324,1.1429459265992152
Uruguay,factor_2,0.13722932497282359,0.006935461795854261,19.786616812575296,-56.621245594714836,56,0.36163393257444043,0.5267394094994879
Uruguay,factor_3,0.00033546262790251185,0.05827201061035025,0.0057568397655894015,0.18932135730545407,56,-1.076938760621053,0.6342266683544864
Uruguay,factor_4,0.00033546262790251185,0.2814369620614983,0.0011919636477216097,43.18070487449404,56,1.7113081940091044,0.6518577284161063
Armenia,factor_1,0.00033546262790251185,0.01071945279273075,0.03129475304280469,-29.451505898487195,36,0.558951051922824,0.189467479601707
Armenia,factor_2,0.18230394701177466,0.01881819104838046,9.687644606385488,-19.297258993003272,36,1.9736969054340598,0.5589305218184492
Armenia,factor_3,0.28960500342941986,0.02576927394629854,11.238384287929009,-12.857067958268878,36,0.8090365585128897,0.8594624502775448
Armenia,factor_4,1.0882494419991018,0.06590671911132771,16.51196504199917,3.5952481336829916,36,-0.2379728498530772,1.4970832482893754
Azerbaijan,factor_1,7.38905609893065,0.006296938236131467,1173.4363307762294,-25.699431158164632,36,0.9547294699922949,0.9928510643244239
Azerbaijan,factor_2,0.00033546262790251185,0.016436351501152975,0.02040979884611131,-22.128453077788322,36,2.9493316537974805,0.24561048539499306
Azerbaijan,factor_3,0.00033546262790251185,0.17563317685597923,0.0019100185620259786,19.254869604797804,36,2.7334301462635757,0.5189862533689293
Azerbaijan,factor_4,5.684332597231891,1.3376255128113475,4.249569511637734,55.26367206320391,36,8.990145616268139,5.04959266971842
Belarus,factor_1,7.38905609893065,0.009956838904438632,742.1086320515543,-21.01826199004943,36,0.2607359261413591,2.2907823199193804
Belarus,factor_2,0.00033546262790251185,0.014110041328266092,0.02377474453108034,-24.79212264056377,36,0.6862028655147125,0.44864035882288256
Belarus,factor_3,0.16584079523155001,0.010785602567557652,15.376127035348741,-27.76204371663354,36,2.1567262097286046,0.5322266797894437
Belarus,factor_4,1.5198381765874835,0.07081626270134314,21.461711174976443,5.048424317034567,36,2.927346003905284,1.8404762712727003
Cameroon,factor_1,0.06971990749458346,0.002239891731975293,31.12646316752979,-85.95883190442737,56,1.5449546595746264,0.10756338356467168
Cameroon,factor_2,6.026308841077825,0.002753285572013357,2188.7699925987154,-66.44555873520413,56,1.1503575594895796,0.9117681002494659
Cameroon,factor_3,0.00033546262790251185,0.007537873791842403,0.0445036143037516,-55.616111744207444,56,0.6108329455896672,0.11735026423915206
Cameroon,factor_4,0.0043361337914915084,0.011053714736221921,0.3922784235857318,-45.20474082727312,56,0.9101248124595407,0.26913218574305425
Chad,factor_1,0.9575722727523874,0.0017828622721338563,537.0982872425119,-82.13856746731364,56,1.2250056151101638,0.5398495907584836
Chad,factor_2,6.896165374822687,0.005715465442557051,1206.5798392330757,-50.28950224670647,56,1.1759169271291847,1.1287776856907483
Chad,factor_3,4.576202485216686,0.13491553789936123,33.91901745690888,27.953525805896923,56,4.560240684164178,3.4035553574867796
Chad,factor_4,0.24232095505485385,0.0294326918668632,8.233054460359126,-17.112474206942267,56,0.4992576327264357,0.6710935733001643
Democratic Republic of the Congo,factor_1,0.07552635733326638,0.0034183755255124348,22.094224806370427,-74.92525095552867,56,1.5421374378867225,0.415498053164302
Democratic Republic of the Congo,factor_2,0.47469001665616584,0.0027884803910623855,170.23251021511157,-77.96665179840264,56,0.8371385167823301,0.5645128954004054
Democratic Republic of the Congo,factor_3,0.00033546262790251185,0.08736883431931551,0.003839614326047472,11.194124931739914,56,-0.7520266522728793,0.442021338658745
Democratic Republic of the Congo,factor_4,0.8645695959903981,0.02142697421360964,40.34958867133255,-23.73274895979522,56,1.3720155715142102,0.9029667678212238
Djibouti,factor_1,0.3741891121814051,0.002934791362492576,127.50109495470198,-75.07661997635313,56,0.42330679680510824,0.23196017969522328
Djibouti,factor_2,0.00033546262790251185,0.0011304711656024528,0.29674585085391053,-107.43245711552562,56,0.3382328988633057,0.10150059430980274
Djibouti,factor_3,0.07838625649596301,0.01375169714627987,5.700115095769701,-37.76167333431726,56,0.9299032072399165,0.5105371659843391
Djibouti,factor_4,0.03415554868169806,0.012686071150931696,2.6923661609126,-40.94700297483936,56,1.198942435816036,0.46264584638969086
Gabon,factor_1,0.7502183948653305,0.0020869274109849944,359.48466195632557,-80.08533854005425,56,1.1925705977395804,0.4581690515324833
Gabon,factor_2,7.38905609893065,0.0035226775201099183,2097.568130136445,-59.89280405969317,56,2.110509079911711,1.240862943165116
Gabon,factor_3,0.16469646408062186,0.055171194652726914,2.985189374950058,-0.2718201515094911,56,0.2702401992290368,0.4970955787611632
Gabon,factor_4,0.09529675325122013,0.014218199406151159,6.70244877913249,-37.25757656683936,56,0.2232238044622226,0.5232947819423419
The Gambia,factor_1,0.00033546262790251185,0.03563468805646206,0.009413934741647848,-13.399834646899095,56,-0.4374470140030039,0.23536544740696036
The Gambia,factor_2,0.00033546262790251185,0.005188809103913127,0.06465117933313899,-66.18132687875263,56,-0.3574744338605882,0.1098451406663126
The Gambia,factor_3,0.00033546262790251185,0.10290486299869052,0.0032599297849196947,15.590481444092537,56,0.4575610121365715,0.3010409786524559
The Gambia,factor_4,0.0669042899219642,0.02201548656479797,3.0389648543558394,-25.794294037108163,56,0.7483919723894851,0.4831816833983328
Georgia,factor_1,1.1317149687217298,0.006754086583335029,167.56003269400082,-33.62718066114231,36,0.22067628196156056,0.962395741824265
Georgia,factor_2,0.5526728446796666,0.027512458239943176,20.088093904938102,-12.32830319859758,36,0.9693834515098575,0.9015526068456076
Georgia,factor_3,0.00033546262790251185,0.04439258342271574,0.007556726868273569,-4.745696803288167,36,1.7889126780334559,0.2709511954749605
Georgia,factor_4,0.27826242759850256,0.09309810900712634,2.988916000186454,8.632183312918556,36,2.835032624587658,0.9638347603026072
Guinea-Bissau,factor_1,0.00033546262790251185,0.01258741999329317,0.026650626425530653,-40.97717999794112,55,0.7570785006181299,0.07659728271051067
Guinea-Bissau,factor_2,0.00033546262790251185,0.012803837781479572,0.02620016229725669,-40.753481328383955,55,0.684070159851882,0.1647489619903929
Guinea-Bissau,factor_3,0.29743853809366055,0.18061843077436374,1.6467784423685614,31.298643400442288,55,0.6512549684967398,1.2031222072446548
Guinea-Bissau,factor_4,0.33571228496234207,0.044689578004117214,7.51209342212659,-5.644396600951856,55,0.1487303822777904,0.9250563938769452
Jamaica,factor_1,0.15337605011598412,0.00041965801545776896,365.478662307163,-123.71695637765153,56,0.35869367178061085,0.22554085428764623
Jamaica,factor_2,0.00033546262790251185,0.001530137963262717,0.2192368505041232,-99.27842409472612,56,-0.03760944031162189,0.06800673999228077
Jamaica,factor_3,0.04493800755304714,0.0017220660418281691,26.095403115516014,-92.06291806133531,56,-0.15854931963637361,0.3802743545513953
Jamaica,factor_4,0.00033546262790251185,0.0005816913126906356,0.5767021452509176,-125.18590560392425,56,-0.04131088068428459,0.03578360509608872
Kazakhstan,factor_1,0.1711721281662596,0.0020763015155445723,82.44088196475866,-55.28826125491413,36,0.15030678829607202,0.25292744353654645
Kazakhstan,factor_2,0.016241503227876028,0.001833560918992265,8.857902161659535,-59.613825335723554,36,2.602819496208348,0.14433379645900718
Kazakhstan,factor_3,0.10447723199019424,0.007815080866731175,13.368669342239842,-33.48979945545148,36,0.5431114582250173,0.4339791971894892
Kazakhstan,factor_4,1.714554331761794,0.03438124494956367,49.86888445363155,-6.611845685659247,36,2.1922903507332823,1.34820674704267
Kyrgyzstan,factor_1,0.00033546262790251185,0.009601470266722426,0.03493867278485318,-31.32359174440738,36,2.7202359847822866,0.20013596235040051
Kyrgyzstan,factor_2,0.6960558401884722,0.010729896987702268,64.87069176770612,-27.938381100464127,36,3.048288235821706,1.0992549549320854
Kyrgyzstan,factor_3,0.0716980146031534,0.01780988764726637,4.025742105911505,-19.938296017437338,36,0.7576429806797195,0.35577661546391937
Kyrgyzstan,factor_4,0.00033546262790251185,0.13464179831989556,0.0024915192168295758,14.596284873978929,36,2.3039937316790153,0.6482946189855213
Laos,factor_1,0.06845642432540612,0.024534755899626406,2.790181594040172,-22.619419264005764,56,0.3311609449670963,0.3192535440287364
Laos,factor_2,7.38905609893065,0.02174527340947285,339.8005607835572,-18.813182833147344,56,3.661744121571479,4.893322969548404
Laos,factor_3,0.00033546262790251185,0.043056715325130356,0.007791180199635822,-8.187775274291468,56,1.316236735103192,0.37138439758353653
Laos,factor_4,0.04282210318296384,0.0059376280091466005,7.21198820758031,-61.11349686794689,56,-0.32488916799510886,0.3786670930323309
Moldova,factor_1,0.00033546262790251185,0.013538390165527221,0.024778620190508305,-25.418248550819442,36,1.33513032288356,0.2629772780848091
Moldova,factor_2,0.00033546262790251185,0.007020314044046223,0.04778456145947067,-36.87951709398548,36,1.3962331461606692,0.22364093813234817
Moldova,factor_3,0.00033546262790251185,0.013030990184494476,0.025743448744338517,-25.939252638044614,36,0.4088993973215791,0.2757731218160679
Moldova,factor_4,0.02364242366671864,0.04322182269628805,0.5470020048170964,-5.007853242421445,36,0.6773274958207877,0.41239465370270273
Namibia,factor_1,2.447462147911193,0.0004607328358886246,5312.1070548200105,-97.45044224602033,56,1.7818703147916657,0.6565642371440227
Namibia,factor_2,7.38905609893065,0.003102160758295375,2381.906250078061,-57.19650165191778,56,-0.6763081975836303,0.9178380573812354
Namibia,factor_3,7.38905609893065,0.04855308727159105,152.18509293958058,9.511873984416091,56,2.288582590060084,2.313045379429648
Namibia,factor_4,0.00033546262790251185,0.017331757946185196,0.01935537231388284,-33.16828270617814,56,0.2514452211022854,0.2074741267154331
Rwanda,factor_1,0.00033546262790251185,0.00758355670905684,0.044235527045229026,-55.31373760263974,56,0.8629214323406106,0.11037934920357265
Rwanda,factor_2,0.00033546262790251185,0.009749243196140569,0.03440909423977765,-48.998698442142455,56,1.3914711954065029,0.25752810205915283
Rwanda,factor_3,0.00033546262790251185,0.14333969396965324,0.002340333082987699,24.695621282977754,56,-0.2915679081338041,0.6956832365673317
Rwanda,factor_4,0.279480525037529,0.02667463213635044,10.47739003893033,-19.52076890813315,56,0.14151052796430275,0.7221592366876658
Somalia,factor_1,3.6668043433363384,0.000753272076424263,4867.8352193040755,-85.32033132219968,56,1.151310875993612,1.0014776674625245
Somalia,factor_2,7.38905609893065,0.002115218325343636,3493.2829440810715,-64.75930397357344,56,3.1252121191469477,1.9116675769970524
Somalia,factor_3,7.38905609893065,0.07780846320502516,94.96468371905124,17.244568648893363,56,0.5758590612488621,2.1894028201483184
Somalia,factor_4,0.00033546262790251185,0.04898208892869744,0.006848679491616624,-4.718013180114154,56,-0.9106345215730798,0.48279401648895093
Sri Lanka,factor_1,0.005267430762241891,0.010463140995978592,0.5034272943723475,-46.49503436837408,56,-0.22419268243535784,0.19018186756526662
Sri Lanka,factor_2,0.00033546262790251185,0.005179646722782438,0.06476554210289959,-66.21042589622458,56,0.1622201611176748,0.25736640819603906
Sri Lanka,factor_3,0.064060434277249,0.011697534698559327,5.4764047235644195,-42.244016378339325,56,1.0794975096303603,0.4491192674966317
Sri Lanka,factor_4,0.00033546262790251185,0.03862788713233284,0.008684467435489588,-10.941497774416383,56,0.00726866204903934,0.14090725165219967
Eswatini,factor_1,0.00033546262790251185,0.00072757720176833,0.4610680860906462,-118.77333722102934,56,-0.026771078661236878,0.048357115164521486
Eswatini,factor_2,0.00033546262790251185,0.0015391573970932216,0.21795212662204033,-99.10618986466228,56,0.07436571498172032,0.07093265751594613
Eswatini,factor_3,0.039768830277000074,0.03835753633756867,1.036793133088924,-10.773385848343677,56,1.073730542613402,0.4096295544835563
Eswatini,factor_4,0.04800900180226193,0.007062940786834776,6.797310532710404,-56.323176469959826,56,-0.47421374020227036,0.4531471085932457
Tajikistan,factor_1,7.38905609893065,0.0010614329906103654,6961.396681934349,-46.59405614768456,36,0.7827278190844351,1.5405691350602289
Tajikistan,factor_2,0.26478815533031824,0.007689029748252101,34.43713498318964,-34.24285195342059,36,2.4910647818469682,0.5822494985824329
Tajikistan,factor_3,0.00033546262790251185,0.017312329041879244,0.019377094040380922,-21.10007519492986,36,1.1864526949117544,0.14646273288836567
Tajikistan,factor_4,1.5095610453293977,0.03394765195095828,44.46731831439039,-6.9842676237402195,36,3.8214342955346043,1.6541255641378494
Togo,factor_1,1.4488233839244897,0.0036486146676481326,397.0886256559368,-64.25445914601471,56,1.3052227195191572,0.5033632387455634
Togo,factor_2,0.1709972441419673,0.0035795721412381224,47.770302537560205,-73.67359340884185,56,1.8328008611465525,0.5826620425963035
Togo,factor_3,7.38905609893065,0.0044430979744266704,1663.0414502358844,-39.09415566854716,56,1.7300868513024852,1.5284528894576763
Togo,factor_4,0.00033546262790251185,0.021571112690333745,0.015551475379053412,-27.237957889903218,56,-0.010702344189260152,0.23527921098142549
Trinidad and Tobago,factor_1,0.00033546262790251185,0.00042446995541881494,0.7903094756648169,-133.3805759353706,56,0.16333475374039957,0.02806941529017544
Trinidad and Tobago,factor_2,0.025673717975337525,0.001519051180092474,16.90115403075136,-98.25147447010644,56,0.06868961175020731,0.16993879344778293
Trinidad and Tobago,factor_3,0.00033546262790251185,0.0012217261637572634,0.27458086587164443,-104.78691718613123,56,0.5941407981452131,0.0641783568469759
Trinidad and Tobago,factor_4,0.00033546262790251185,0.0005488912035309176,0.6111641537422017,-126.77611092319604,56,0.021797703744521925,0.056062171187030926
Turkmenistan,factor_1,0.03997199672462118,0.0017799103862247538,22.457308544281855,-59.26524569966683,36,-0.9337548574979303,0.27815129561771423
Turkmenistan,factor_2,0.00033546262790251185,0.0026384807139676475,0.12714234602005328,-53.724667255703984,36,-0.2727899420277083,0.11183534804831521
Turkmenistan,factor_3,0.00033546262790251185,0.013643091272453773,0.024588461749855125,-25.209343412288252,36,0.15982327415924297,0.1027354255973882
Turkmenistan,factor_4,0.23267535059284286,0.0428675655288363,5.427771503290198,-4.669565383548982,36,1.0734265921514614,0.7123255032853819
Uzbekistan,factor_1,0.00033546262790251185,0.005134160624010438,0.06533933245751718,-42.105596564513306,36,-0.37922927974021814,0.1835028408998681
Uzbekistan,factor_2,2.6064732924025606,0.0019829979205698975,1314.4105020813545,-51.29860359047119,36,0.20099354612751033,0.7639452264314975
Uzbekistan,factor_3,0.07165662355088633,0.011730460648594898,6.108594171829861,-27.021802033827825,36,0.6126039772873324,0.3612525855219927
Uzbekistan,factor_4,0.585059968616044,0.04029524148568557,14.519331490391489,-5.14741111421263,36,2.0274577604521196,1.042998145878671
Bahrain,factor_1,0.03102324799188205,0.006736457668377054,4.605276173190318,-57.798457555060104,56,-0.18744261317153313,0.208727265506064
Bahrain,factor_2,0.00033546262790251185,0.002725975561655365,0.1230614949822955,-83.60458984867905,56,0.1899625743185139,0.1745135393016505
Bahrain,factor_3,0.028614779813806075,0.06124613445034398,0.4672095646624987,1.7478818052949463,56,0.4126649024129759,0.5619909216058776
Bahrain,factor_4,0.00033546262790251185,0.00886647322627574,0.037834956396007646,-51.45898396568113,56,-0.5085330999221668,0.15683622999295765
Belgium,factor_1,0.00033546262790251185,0.00033546262790251185,1.0,-150.42099772125766,56,0.17990419088899576,0.02510078430931533
Belgium,factor_2,0.00033546262790251185,0.00041423765681492897,0.8098313187697181,-134.52705008450874,56,-0.04957990049964294,0.0405184813545679
Belgium,factor_3,0.00033546262790251185,0.0012082114759409527,0.27765224431530433,-105.10397004241929,56,0.20147913071246332,0.049667359378581195
Belgium,factor_4,0.0017838829020699978,0.0010034216432687568,1.7777999049918858,-110.23554080077655,56,0.012303387614801507,0.06433146861584498
Bosnia and Herzegovina,factor_1,0.00033546262790251185,0.012409865828562357,0.02703193028327641,-25.385542811939434,34,1.5797865745343003,0.1832937116413048
Bosnia and Herzegovina,factor_2,0.00033546262790251185,0.00271549835226581,0.1235363032434183,-50.44001626379181,34,0.05381225121203697,0.11919821894671744
Bosnia and Herzegovina,factor_3,7.38905609893065,0.028833746591745937,256.2641686337727,-1.251210923827265,34,3.190784412759497,2.112609036485662
Bosnia and Herzegovina,factor_4,0.00033546262790251185,0.005735641467123906,0.05848737753664492,-37.85479301138002,34,0.10094618997519668,0.1155887159892391
Bulgaria,factor_1,7.38905609893065,0.0006598960612405544,11197.302928342666,-60.26358359568525,56,3.8412208565626598,1.4136742400000706
Bulgaria,factor_2,7.38905609893065,0.03387598898956353,218.12074921877738,-5.899972101558958,56,2.7751988515148494,1.8143943354894214
Bulgaria,factor_3,3.830583671599401,0.007175463896316875,533.8447418801198,-39.03629804644472,56,-0.44344415994323905,1.2989510396878432
Bulgaria,factor_4,0.7340992138939357,0.08918446212897628,8.23124562698265,13.211278625096945,56,4.623412884388628,1.7662293676116507
Croatia,factor_1,0.00033546262790251185,0.01765192522475194,0.01900430823444223,-20.26096488168565,35,2.2397458458812163,0.3873940305070407
Croatia,factor_2,0.00033546262790251185,0.007827022980910868,0.0428595429859684,-34.06661564743848,35,0.8028094780295123,0.19346653231163705
Croatia,factor_3,0.00033546262790251185,0.029124795096609268,0.011518111176053104,-11.745466810706665,35,0.3912542502040045,0.19081043915166135
Croatia,factor_4,0.00033546262790251185,0.055947897953865344,0.005995982694097541,-0.7403671548351194,35,-0.7920622165463527,0.2760908317008501
Cyprus,factor_1,0.00033546262790251185,0.0008140521462600318,0.41208985129971687,-115.80644875181088,56,0.4881928557228005,0.06486146471301277
Cyprus,factor_2,1.084033585797483,0.0013171642547598218,823.0056212656265,-92.62255592327227,56,1.3495768481424884,1.282983194267342
Cyprus,factor_3,0.0013631828228551856,0.003934245636819866,0.3464915383262838,-73.11924362454424,56,0.06853981328265064,0.10504774994878203
Cyprus,factor_4,0.019619282354414364,0.005627716809449762,3.4861886300800906,-63.126717343927744,56,-0.23639663978199152,0.3361136431158041
Denmark,factor_1,0.0010942789032723263,0.00033546262790251185,3.2619994367609038,-156.05583491161832,56,-0.052033996450053244,0.04560144903563648
Denmark,factor_2,0.00033546262790251185,0.0004166476848646774,0.8051469865036366,-134.32338729106038,56,-0.24772181579733002,0.046701549671833986
Denmark,factor_3,0.00277148962537785,0.001046319200754067,2.648799356238974,-108.3790177387456,56,0.12441244485992521,0.10517374655529121
Denmark,factor_4,0.025809701439410374,0.01296636787064222,1.99051127477629,-40.35911673067557,56,0.7271156803420499,0.28018787087114044
Equatorial Guinea,factor_1,2.5288764358676823,0.0008238931297708162,3069.4228953834636,-87.85169210739184,56,0.6589471156845661,1.2538229248423067
Equatorial Guinea,factor_2,0.00033546262790251185,0.005265278211688921,0.0637122321775485,-65.17686157757834,56,0.2553377883326052,0.19866278684983688
Equatorial Guinea,factor_3,0.12115560898824251,0.06191918023594859,1.9566733365423798,2.6940929908799656,56,-0.8446273776629732,0.6846750778844348
Equatorial Guinea,factor_4,0.00033546262790251185,0.020066921808641332,0.01671719415172351,-29.071849427916582,56,-0.3546813104541796,0.28933734938527006
Fiji,factor_1,0.027020402363239444,0.015879579149918235,1.7015817678882612,-34.9679963771068,56,-0.6113278531711165,0.24792429036759656
Fiji,factor_2,0.00033546262790251185,0.004349659527037507,0.07712388195381141,-70.96719810456398,56,-0.05884400277225293,0.12378088346499852
Fiji,factor_3,0.00033546262790251185,0.11665951014368513,0.002875570345609502,19.07159090647661,56,-0.7493208500196447,0.4661708529100997
Fiji,factor_4,0.00033546262790251185,0.03279530258969253,0.010228984074321266,-15.781399960796922,56,0.27597107558986783,0.42648786194597416
Finland,factor_1,0.00033546262790251185,0.0004056342420666382,0.8270076662990438,-134.56087438446195,56,0.36369626934432153,0.04228296631896795
Finland,factor_2,0.002633549053852344,0.0010713476332119545,2.4581648124398523,-108.69346790358571,56,0.1669934472772479,0.10442815906800582
Finland,factor_3,0.03743655434007853,0.002252969508838674,16.6165383922021,-85.66367263038742,56,-0.22111047099427675,0.17733420862643995
Finland,factor_4,0.00033546262790251185,0.007558826870102306,0.04438025022498915,-55.74059325143687,56,0.08947140246126906,0.15139961103329933
Greece,factor_1,1.3797824896378101,0.03417647160089652,40.37229196011023,-10.616841977795772,56,-0.47936609650567075,1.829567320682357
Greece,factor_2,0.18291805923415178,0.0023258302276876978,78.6463504758926,-84.6535903640584,56,-0.1010775734823468,0.6869731066295465
Greece,factor_3,0.013224709040877101,0.040352924426565275,0.3277261618285828,-9.673664060436082,56,-1.1276187303305139,0.6000988826555446
Greece,factor_4,0.00033546262790251185,0.0180093315290103,0.01862715600310497,-32.13533676328378,56,-0.5298064853459173,0.14504282250852296
Guyana,factor_1,0.013859907586632653,0.0030440042528115862,4.553182727596713,-78.93898463196473,56,0.6726679361664917,0.15582767746068457
Guyana,factor_2,0.00033546262790251185,0.003845842249045037,0.08722735000007105,-74.01579523549296,56,0.6196597571946459,0.14025819352178695
Guyana,factor_3,0.011275461215013969,0.0035386417754800586,3.1863810835964936,-75.21496671481907,56,0.1441127501955269,0.11600786960772548
Guyana,factor_4,0.0659660056925144,0.010330786160319684,6.385381002840648,-45.88129548064768,56,0.15124245865639357,0.41799968275865057
Iceland,factor_1,0.007142529477658055,0.0004686862284675006,15.23946948689432,-129.39037907958817,56,0.24900396489877552,0.07564534957156513
Iceland,factor_2,0.00033546262790251185,0.001331968901726581,0.25185469981143277,-102.9728615674231,56,-0.13636790314606473,0.09493172486931406
Iceland,factor_3,0.00033546262790251185,0.0025423279472716193,0.1319509657526773,-85.00963184087011,56,0.23259331970193148,0.11104561622994659
Iceland,factor_4,0.00033546262790251185,0.013846690656142113,0.02422691719148845,-39.30952377156218,56,-0.5190414322455424,0.5648611181014838
Israel,factor_1,0.00033546262790251185,0.000557917471390182,0.601276434427888,-125.97476428993016,56,0.09715396821697603,0.026863169060712205
Israel,factor_2,0.00033546262790251185,0.0012690908012673806,0.2643330387136218,-104.31298574337451,56,0.16010221116094212,0.11007937960636342
Israel,factor_3,0.00033546262790251185,0.0023688372224308072,0.14161489220364132,-86.91469988059909,56,0.16009636719968623,0.08967915945480875
Israel,factor_4,0.00033546262790251185,0.0015786602891022512,0.2124983001208461,-98.2551681170669,56,0.031963713262929565,0.023041579944617502
Lithuania,factor_1,0.03869473293860089,0.0010481310200674359,36.91783965721318,-67.9538234309695,36,-0.03101803214726403,0.14102396705566436
Lithuania,factor_2,0.00033546262790251185,0.005254572873212134,0.0638420354987755,-41.86341819226206,36,-1.700617537769938,0.13573415545556056
Lithuania,factor_3,0.00033546262790251185,0.03238554302360437,0.010358406763721954,-10.252525760283001,36,0.21648716584869457,0.18810232934685345
Lithuania,factor_4,0.00033546262790251185,0.41235764348106463,0.0008135234867252223,34.17455498838544,36,0.2926938976518785,1.262201285218237
Luxembourg,factor_1,0.00033546262790251185,0.00033546262790251185,1.0,-149.14479948254814,56,0.012248300258455363,0.01992223587659446
Luxembourg,factor_2,0.00033546262790251185,0.0004000961965277727,0.8384549286242108,-135.46457090330364,56,-0.2663507925532473,0.051375089790365834
Luxembourg,factor_3,0.013359506277231942,0.0008936179746256544,14.949907741983788,-110.95740999603353,56,-0.010323858461041766,0.18691943142350984
Luxembourg,factor_4,0.00033546262790251185,0.016346392791696508,0.02052211960016751,-34.76722852712129,56,-0.37657484642579586,0.10498951632088147
North Macedonia,factor_1,0.00033546262790251185,0.004569041326423653,0.0734207909135044,-42.99351834330286,35,0.5312775851503124,0.09715631888633713
North Macedonia,factor_2,0.00033546262790251185,0.004172215971353442,0.08040394605787624,-44.63034497215918,35,0.9077027378122241,0.13377382517463332
North Macedonia,factor_3,0.00033546262790251185,0.023286095809431015,0.014406134486771603,-15.494861039380321,35,1.122893955372778,0.2070616736318052
North Macedonia,factor_4,0.00033546262790251185,0.08824891272934149,0.0038013230704764863,7.009461357836645,35,0.05089730154012068,0.13503310269024849
Malaysia,factor_1,0.00033546262790251185,0.003261897046049521,0.10284280072811929,-78.32073849431173,56,0.1370403981761942,0.0773400824835183
Malaysia,factor_2,0.00033546262790251185,0.0009458478636528709,0.3546686954569553,-112.24528578248021,56,0.1487509028748021,0.060519845859405536
Malaysia,factor_3,0.00033546262790251185,0.016378185016363567,0.02048228345004948,-34.56258110697397,56,-0.07697145028031274,0.20553726345495996
Malaysia,factor_4,0.014620689151506433,0.0021625349333264645,6.760903107824727,-88.759165826704,56,-0.5055947921492676,0.20707058732715014
Mauritius,factor_1,0.00033546262790251185,0.0045230054649993846,0.07416807927791383,-69.2982854010065,56,0.02839248286010496,0.16504777326569675
Mauritius,factor_2,1.006261424404816,0.0011421552849382169,881.0198032391438,-96.23413426512616,56,-0.12199787407894747,0.43281593999491624
Mauritius,factor_3,0.00033546262790251185,0.002964471202411646,0.11316103446361953,-80.86511068328433,56,0.5567567517452406,0.09881177521673651
Mauritius,factor_4,0.0019367068956893387,0.0008783208083953676,2.205010831096636,-113.78022647753524,56,0.016829860923755026,0.10069141603335321
New Zealand,factor_1,0.00033546262790251185,0.0005811542441862477,0.5772350993878368,-124.88178065840506,56,0.08530220272942556,0.03576096230392998
New Zealand,factor_2,0.002993088790999663,0.0015308883449541473,1.95513199957722,-98.84866618601207,56,0.004004649811031888,0.14615520247080205
New Zealand,factor_3,0.00033546262790251185,0.003821890363247002,0.08777400605953266,-74.00481440621877,56,0.12926697586559413,0.106761642803137
New Zealand,factor_4,0.00033546262790251185,0.05319935345231959,0.006305765129329501,-2.567144343957777,56,2.6285304987152602,0.6421672513881427
Norway,factor_1,0.00033546262790251185,0.0003419148717770294,0.981129092627696,-139.14572243299682,56,0.2994582865381146,0.04944834181034533
Norway,factor_2,0.0015955488882792351,0.0006096427321904691,2.61718676206697,-123.92052916134317,56,0.32005971999229355,0.07056384261199361
Norway,factor_3,0.0027367334258702764,0.001264744183011614,2.163863224382306,-103.3517712784363,56,0.02917360398977799,0.11125019833109837
Norway,factor_4,0.05709453563037679,0.0052599520951670045,10.854573311197433,-64.11415341915068,56,0.5466250251485683,0.37273156599081536
Paraguay,factor_1,5.067591866615688,0.0011340547929483923,4468.5599832796615,-75.27634080971266,56,2.4180484275496883,0.9508264233497359
Paraguay,factor_2,6.196719765577136,0.000940252306110221,6590.48611240601,-86.23692231002981,56,1.1245157479415846,0.9270979175908706
Paraguay,factor_3,0.00033546262790251185,0.00385757622711849,0.0869620217856573,-73.7354650410306,56,0.14279226335064193,0.08310262660224915
Paraguay,factor_4,0.00033546262790251185,0.009130742941658157,0.036739904961292376,-50.69529957637698,56,0.04049640353638564,0.11541269290843714
Romania,factor_1,7.38905609893065,0.004286326051208974,1723.867015867013,-37.17578084842115,56,3.9519265067703606,1.3217248249916786
Romania,factor_2,7.38905609893065,0.04677085994000159,157.98418306632485,1.0181764572963075,56,3.146317149645361,1.5298990231893554
Romania,factor_3,0.00033546262790251185,0.013915336108316176,0.02410740389533462,-38.99616852337932,56,0.18988747080167911,0.1349137651685142
Romania,factor_4,0.0011656392352144213,0.08064296326245453,0.014454320477049181,9.026588153566681,56,1.473089174385675,0.5670123002806781
Serbia,factor_1,0.23990857128648183,0.01597202156489906,15.020551425607719,-33.18909262418918,56,2.2927599778000443,0.850013611676515
Serbia,factor_2,7.38905609893065,0.0028207218647639653,2619.562102607007,-58.397696061621815,56,0.9925884362156178,1.8820708380135354
Serbia,factor_3,0.00033546262790251185,0.027683533414174857,0.012117767731583868,-20.208439972892634,56,0.44325218169145025,0.16418018535265505
Serbia,factor_4,7.38905609893065,0.045209992917975235,163.4385590888426,1.2617176150026574,56,-2.763440249755878,1.6753549366939648
Seychelles,factor_1,0.44089386771024025,0.009916394850742583,44.46110449880122,-44.43412403767867,56,-0.24685025431028573,0.747656633212415
Seychelles,factor_2,0.00033546262790251185,0.010475072237973249,0.03202485102550646,-47.06261605753753,56,0.4374048309269719,0.11669065410337787
Seychelles,factor_3,1.9468376635716722,0.08147103367473282,23.89607171727169,13.383570689964351,56,2.708131610952523,2.3098470603914514
Seychelles,factor_4,1.3748144543267846,0.011570344085567312,118.8222618238043,-37.83685608323272,56,0.824348615013133,1.8161071917213616
United Arab Emirates,factor_1,0.00033546262790251185,0.0006325757913999229,0.5303121498850212,-120.37375913407396,55,-0.13504355617669356,0.04567952621870437
United Arab Emirates,factor_2,0.07214874192248656,0.0017427151310991991,41.400192512805866,-91.81934957948042,55,-0.1603775350351785,0.302023765502339
United Arab Emirates,factor_3,0.00033546262790251185,0.010689647105212656,0.03138201145470258,-45.2455383782838,55,0.7883427054004998,0.25185671038085156
United Arab Emirates,factor_4,0.00033546262790251185,0.0010647437752884456,0.31506418322251567,-106.9015865679854,55,0.1384732761578323,0.04988589601606773
Hungary,factor_1,7.38905609893065,0.0019491473451630006,3790.9171501412216,-52.70956236332858,56,3.142041133582776,1.882032678847719
Hungary,factor_2,7.38905609893065,0.001579786191694595,4677.250717709214,-66.58349144688903,56,1.7107568396568686,1.6853241868441433
Hungary,factor_3,0.36128680511051314,0.011072241115803634,32.629961841676405,-40.66670048010405,56,-0.22020473088598563,0.6385499672981253
Hungary,factor_4,0.00033546262790251185,0.10265744941675942,0.0032677865055913387,15.569566474156932,56,1.013294031627348,0.4988802689501406
