indicator,factor_1,factor_2,factor_3,factor_4
v2x_polyarchy,0.8957645868637758,0.34074932036471506,0.10739854358434016,0.039076079852836246
v2x_libdem,0.8667482398942977,0.4395557324771164,0.008597416404682406,0.033889002168624026
v2x_partipdem,0.8648116192930478,0.40278253670752917,0.04466395038284362,0.13270856225999772
v2x_delibdem,0.8769474294941525,0.39796575549122665,0.0218200268785994,0.04365431323160997
v2x_egaldem,0.7943029335953672,0.5555005342276063,0.051860561406868615,0.0514858075363521
v2x_api,0.9249809153960125,0.19526762703884332,0.22455247682669902,0.0043155124100003606
v2x_mpi,0.8259667653764988,0.44934647769726266,0.0007652155953780937,0.06706765443436409
v2x_freexp_altinf,0.9674059990096595,0.09050031132577557,0.06401869833859414,0.0017294687697771757
v2x_frassoc_thick,0.9440798421134372,0.06698770055005843,0.1375456566412421,-0.017375627962915433
v2x_suffr,0.18283109210744575,-0.013423010300859739,0.4238722112728072,0.02246338403811661
v2xel_frefair,0.7887488258670942,0.46638001788417466,0.12790311511774163,0.00435301861325859
v2x_elecoff,0.5052114177513625,0.007836096503521572,0.5347127945617913,0.031662499643923814
v2x_liberal,0.9021971462112631,0.3386378996064513,0.04072611570082059,-0.041299818890837524
v2xcl_rol,0.8761476556112359,0.32755514635436206,0.1257595156103739,0.0019485846795300014
v2x_jucon,0.8135250527312409,0.35953716213527537,-0.08553580031773567,-0.08040839923331991
v2xlg_legcon,0.8578056005444727,0.24339043145845954,-0.04266856234442305,-0.022176803039998742
v2x_partip,0.8453649668483798,0.21522665448650646,0.15101224714698136,0.1578895563626146
v2x_cspart,0.9138001963731393,0.12315653331871212,0.06525418383033496,0.008710668754774685
v2xdd_dd,0.15122062224262017,0.15313008027782274,0.1424146857231411,0.736955695302649
v2xel_locelec,0.67774594120719,0.2367244227352379,0.17168915329986545,0.0347335770753098
v2xel_regelec,0.4854054368887416,0.15605947666095604,0.005576086851317431,0.12113964218251254
v2xdl_delib,0.8821584218551584,0.22605265608014097,0.06621123555358148,-0.02611015275906987
v2x_egal,0.6067775260848487,0.6689808072328545,0.18615703947634915,0.004209323914242558
v2xeg_eqprotec,0.5939311854838214,0.5265946798211645,0.17537076099753368,0.007138837370012738
v2xeg_eqaccess,0.6807275089375198,0.4787232163179557,0.1518128862340083,0.0028072014677445675
v2xeg_eqdr,0.39232938201106293,0.7783689180010684,0.18056856561766754,-0.004046088210573229
v2elcomvot,0.024188183398670668,0.061766228944924007,0.042085843583552426,0.15960872964109918
v2elsuffrage,0.1828300199933927,-0.013423535099416434,0.42387245470852963,0.022463072598684172
v2asuffrage,0.31680985066825224,0.15901511687948097,0.6857272766168043,-0.05104592161585353
v2fsuffrage,0.3197478435872413,0.1586625649442907,0.6885197175755631,-0.04877354864434302
v2msuffrage,0.31407390300748195,0.15936515548023378,0.6822775864435662,-0.05119213026571792
v2eldonate,0.6300905019117579,0.21026220493251938,0.15978823846123547,0.0017136644350690539
v2elpubfin,0.3872935023415509,0.4047695980251064,0.24108975500532942,0.04472935930900778
v2elembaut,0.894006984127354,0.24745248171821146,-0.016999519866324836,0.002070732013663753
v2elembcap,0.5730465543876584,0.5814762800869685,0.22637457518646031,0.03498607511481022
v2elmulpar,0.8555983935435807,0.024429710117066905,0.06001912819906194,0.006542061129113602
v2elrgstry,0.6644985439549208,0.44176820078729606,0.0882466638141991,0.024711642036797273
v2elvotbuy,0.25332647155250426,0.754136698869429,-0.17285934874294795,0.025645351972286748
v2elirreg,0.5456287405599298,0.6227961932355432,-0.18577402868915377,-0.014442353689964712
v2elintim,0.7799155444963258,0.3396380462228904,-0.1730757492423986,0.018979938621261183
v2elpeace,0.24440343360818279,0.6659508528655709,0.02440247191490244,0.07548971786628172
v2elboycot,0.49937762788796797,0.42684997767886546,0.03813975712164111,-0.011560335108080605
v2elfrcamp,0.6667694531340422,0.11561765114779529,0.1214117048289951,-0.011926307736002277
v2elpdcamp,0.6694711769375609,-0.01665937419385749,0.05241996179922328,0.0041297683725944855
v2elpaidig,0.6240257211117388,-0.07229882459501177,0.062485028137469825,-0.01801698637864193
v2elfrfair,0.8410488464734346,0.28835456124565095,-0.09194440256024003,0.01756451207112128
v2elrstrct,0.06982340586326957,0.14156023590161998,-0.10738641552032102,0.06666035810294514
v2elaccept,0.6565109698671888,0.3468470763064377,-0.12809677117064353,0.009171434607767377
v2elasmoff,0.3427094031081422,0.28715000717608097,0.20468335048531736,0.036700010713006735
v2elrsthos,0.1432932115015156,0.13855033410544984,-0.11120883748911746,-0.030353413815441703
v2elprescons,0.263571644754522,-0.1853451580615646,0.3554393096075673,0.34550344783126163
v2elprescumul,0.268441807318154,-0.3119131753780379,0.2600675673016575,0.4276659481142515
v2ellocons,0.4931139851587848,0.4331715148845325,0.0811696042065049,0.036299596219105994
v2ellocumul,0.5544976106246249,0.33679047423207525,0.08368731717096342,0.12543559009328087
v2elreggov,-0.08260597769214101,-0.09378631122056609,0.07259010548439401,0.12468185368144971
v2ellocgov,0.09520654073350095,0.029469571388981965,0.1752513953666589,0.022039058619317327
v2ellocelc,0.5406350189525937,0.14874952916632417,0.2479580405602838,-0.03461681986708294
v2ellocpwr,0.6768512661771235,0.2731675191121309,0.07943987836892787,0.08770264326998148
v2elffelr,0.7827813660321284,0.3561023900344965,-0.09547632323027014,0.01793104907476322
v2elffelrbin,0.3735281958773413,0.1179433351885725,0.20850388975575493,-0.01987337257098673
v2elsnlsff,0.1461371157762994,0.6698350449441774,0.0067518579504348974,0.05999381407481312
v2psbars,0.896592785168454,0.028513120131113123,0.16502055032365479,-0.018655935616586662
v2psparban,0.8525577462359375,-0.08669131221162085,0.16866318182135864,0.030789445841910106
v2psoppaut,0.8907126190451667,0.089616422723229,0.06747285168942953,0.028849224399245844
v2psorgs,0.5926300844951893,0.383600633080622,0.2530186653308342,-0.05498857435196365
v2psprbrch,0.46319550951043303,0.45707387098524876,0.26076778206947193,-0.008907517293794243
v2psprlnks,0.41824703165718186,0.6357501422974894,-0.017672766785433128,-0.03394045825347217
v2psplats,0.6799327272061414,0.42013331263624487,0.16160884302734657,-0.01610308980437536
v2pscnslnl,0.5970353801595736,0.18549370067068013,-0.03105367221042523,0.06809586953951063
v2pscohesv,0.006577205026112171,0.3918980976904235,0.28808380394735883,-0.2211247566617533
v2pscomprg,0.2600304982519889,0.46822742774035986,0.29656758381417175,-0.017311843457868487
v2psnatpar,-0.3319959764924487,-0.139784437770449,0.182633475767527,0.027372943086424302
v2pssunpar,0.8011262928049938,0.11726227030052619,-0.08200014049171811,0.04705373975459639
v2ddlexci,0.10956461072266895,0.10065121722819886,0.24284917386127974,0.5041555391260029
v2ddthreci,0.16078616453572409,0.1873095460715778,-0.006952818223107338,0.6236724815593375
v2ddlexrf,0.12581699398565158,0.12043129843072355,0.09877587673766594,0.5289164419677379
v2ddthrerf,0.15723009643583113,0.19958214483864628,-0.11648219426785036,0.6045941838812325
v2ddlexor,0.23280214238719316,0.0499939148057193,0.1507045185396373,0.3781499450961054
v2ddthreor,0.137733108903381,0.037282054509469975,0.08592838716371287,0.4358779730058088
v2ddlexpl,0.05942711024244343,-0.04028282806538283,0.4425574621867465,0.21171763536545724
v2ddthrepl,0.009260760592762134,0.01294369592233837,0.2607418677521782,0.25292418180127074
v2ddyrci,0.07318557017634097,0.13773279423433915,-0.1485562113231455,0.4604236662652717
v2ddyrrf,0.08148315775873832,0.12920712438201176,-0.14647626730411695,0.40024302010895435
v2ddyror,0.03390998839728289,0.06756956463268736,-0.06251466732617995,0.30570737661412273
v2ddyrpl,0.0037736080205290345,-0.014786992278255504,0.025684490055408155,0.11877333123721871
v2ddyrall,0.07598048399299996,0.12814501136265954,-0.1310190793749223,0.5282513503729067
v2exremhsp,0.4137439965097537,0.044370260294463365,-0.045970958726357564,-0.2749546895558752
v2exdfdshs,-0.6450412370783596,-0.029990102390004658,0.029808713822378756,0.012810241537223443
v2exdfcbhs,-0.3854609858339153,-0.369486022555622,0.12703085134156333,0.28181784865653703
v2exdfvths,-0.5931691509114372,-0.33307483769995205,0.10379993800540283,0.2172592363500158
v2exdfdmhs,-0.40936633355084284,-0.4546731643283137,0.12788505291485092,0.31427904066035056
v2exdfpphs,0.5762765760929877,0.33255806416242334,-0.06289419703333725,-0.40782415055087573
v2exhoshog,-0.08128982797782179,-0.29212768280887047,-0.0068494670886025955,0.39193129242704045
v2exagehos,-0.06529437725023984,-0.09434957124225174,0.19378255142551779,-0.38270365533676926
v2ex_elechos,0.1446652117481885,-0.3229552701869402,0.5274578984056602,0.34972155742031086
v2exfemhos,0.2338004893442477,0.19926160883075839,-0.05923778226683553,0.01388564574403328
v2exfxtmhs,-0.013169513354556739,0.20429891583596632,-0.3572341455878766,-0.14564713685155545
v2expathhs,0.24038378230029703,-0.25877429350380626,0.5326200614121467,0.22583909427029475
v2exdeathos,-0.2679936660459249,-0.00030589913800826984,-0.20744102544449433,-0.18478675137454542
v2exdfcbhs_rec,-0.39111158887938646,-0.3859919686347871,0.13549026386133348,0.2608495088973084
v2exfxtmhg,-0.11333835567655877,-0.302723804519758,-0.05449902468610069,0.3827964717458922
v2ex_hogw,0.37377754657209744,0.4248165474832809,-0.11440585035125059,-0.44444616673749315
v2exrescon,0.7389136044805886,0.4413709704272669,-0.05818387431876606,-0.07755510812846031
v2exbribe,0.4856395728380779,0.7039879740107212,-0.22950408661141758,-0.024696277038357754
v2exembez,0.5586054223153034,0.6795324549355997,-0.2048483999179457,-0.004092458071281495
v2excrptps,0.4631904576852231,0.7155745842106193,-0.2527402716094943,-0.012375327467211296
v2exthftps,0.5013024323012557,0.7200499978775197,-0.20660591019121077,-0.021814384645511546
v2regendtype,0.3200529854032834,0.3775370279089137,0.1253815982450691,-0.0010640098844468537
v2regint,0.02145420948541317,0.13738576931422902,0.1844368286693351,0.026850663451234817
v2regidnr,-0.026084779625813362,0.28567824955699134,0.11890314566700301,-0.14744026808339433
v2regdur,0.2735449649031707,0.5079598921150091,-0.020311789988531226,-0.06843639717519666
v2regimpgroup,-0.04409517723019934,0.004532117526704252,-0.16654247117012427,-0.07311074621558143
v2regsupgroupssize,0.5809750710258933,0.4068403894076913,0.1526613652804372,-0.033603194927201034
v2regsuploc,0.18364496064268676,0.22614330436253324,0.15592208593596812,0.01037383174747198
v2regimpoppgroup,-0.12357636243584699,0.23703975595410912,0.05052353398571946,0.05277664109569019
v2regoppgroupssize,-0.23958466902516126,-0.5886237639087579,0.032064422821082794,-0.06640404934857538
v2regopploc,0.23719934175272014,0.12456389944330302,-0.05999854013385171,-0.059346654246861086
v2regproreg,0.14087944788642973,0.11065752169103396,-0.1314735106422537,-0.04623581316192496
v2regantireg,-0.05512763895736075,0.204807494024418,0.13179432191947557,0.09473704301744693
v2regpower,-0.04012019358981742,-0.1474722533559932,-0.1354160131839588,-0.031550138795280125
v2lgbicam,0.30822993880151894,0.08295100529114667,0.2682926902436048,0.0037836692556338924
v2lgqstexp,0.7769444851142001,0.20102253945782106,0.008406713082896054,-0.08707932926450977
v2lginvstp,0.8015438621124852,0.2697211719924183,-0.11600900967812057,0.005985555092768206
v2lgotovst,0.7317255502051854,0.3563101450772563,-0.03466331211494771,-0.06855768995765006
v2lgcrrpt,0.28354294652049195,0.7216568755306294,-0.22017387011388762,-0.042064242142754844
v2lgoppart,0.8841331497055254,0.1388454557882171,-0.01754105885252935,0.015875676341446883
v2lgfunds,0.7390642691377989,0.19180343611708858,0.04675528972105348,0.10497853314976144
v2lgdsadlo,0.4375265251831509,0.2672130902548624,0.0940796486933986,-0.032488233171681515
v2lgdsadlobin,0.007452204151909102,-0.001952336654343868,0.0028641476544674083,0.11515347360985076
v2lgtreaty,-0.0525913237286401,-0.13295786206365795,0.20923229771439644,0.27682137047367295
v2lgwarlaw,0.05530146082829978,-0.04552718277872116,0.15418272972670818,0.20055794862830295
v2ex_legconhog,0.2734124298601957,0.37684266126921423,0.045835646684032005,-0.393990016479795
v2ex_legconhos,0.022198401494088645,0.03705645693239683,0.004059559619695174,-0.13961751016278048
v2ex_hosw,-0.3737775465720976,-0.42481654748328035,0.11440585035124942,0.4444461667374932
v2lglegplo,0.7002802589596848,0.16705569497834896,0.1898688784209706,-0.03104500063782458
v2lgcomslo,0.7239951574012546,0.18140166098466565,0.19459427833211698,0.06398077623613295
v2lgsrvlo,0.049813068648629055,0.23123476234474216,-0.14082780964916725,-0.42866007648378374
v2lgstafflo,0.4562613178733746,-0.025579078714699888,0.07804133430615849,0.12257006781234975
v2lgqugen,0.12886366170636457,-0.17930547165382743,0.17955362414004836,0.07950352931503424
v2lgintblo,0.1402301167741334,0.14590820175540803,0.06819024967143972,0.02795947433542203
v2lgello,0.24877275130494197,0.05745406915880491,0.39003745085425995,0.02410957725581063
v2lgfemleg,0.20560832160896458,0.3382409566327244,0.3103237653119098,0.11998738675380469
v2lginello,-0.12592675494853714,-0.03078229995535204,-0.08104833048124967,-0.024684661766136852
v2dlreason,0.7711709027909172,0.3264913202251993,0.026607802234639523,-0.018651434842305175
v2dlcommon,0.5911125856552911,0.3863122850250543,0.16892798927425795,-0.003453941850877343
v2dlcountr,0.8593642019253749,0.11615064968236266,0.02125941324826998,-0.01684956486864922
v2dlconslt,0.8232302182744761,0.266932937927254,-0.015242194798531315,-0.014673791369724598
v2dlengage,0.8679834654819467,0.17704657596451118,0.0576265451619892,0.027924493902686198
v2dlencmps,0.49673941274602496,0.5489628337401296,0.06014219137259329,-0.048987130587396184
v2dlunivl,0.2686554218304938,0.5325336010934116,0.26044536986147243,-0.01713532383351621
v2jureform,0.47704041513420103,0.011397993191773786,0.11069142782530299,-0.11913839149409987
v2jupurge,0.6845669782784446,0.32300872424530763,-0.012796679828941268,-0.09864524785061939
v2jupoatck,0.23154030585121596,0.4771199847655886,-0.03552994171598059,-0.05808980388207219
v2jupack,0.5710167572831022,0.3336036337515109,-0.01567166344304892,0.13936243554773298
v2juaccnt,0.4626141262641052,0.5028736636935216,-0.11896587967253588,-0.02691634890169793
v2jucorrdc,0.4400273300846169,0.7033667015630334,-0.23426336487696092,-0.061820952066994825
v2juhcind,0.7789977632596414,0.3090723331321761,-0.1378227677691907,-0.03269646805507361
v2juncind,0.7704062025839503,0.2950267860782721,-0.1429996791784829,-0.030424969241960906
v2juhccomp,0.7509299348140996,0.3290857968878223,-0.1021467519143006,-0.049202572897129815
v2jucomp,0.7624110773814311,0.3872811786134333,-0.12682955245840616,-0.054604643295289815
v2jureview,0.6567259119363382,-0.14246766474532493,0.185908632052175,0.04634347843077537
v2cltort,0.8181928944752547,0.4005543892662802,0.03361902179456516,-0.027773968327537375
v2clkill,0.7437892805895044,0.43548140305728816,0.11883995561794926,0.011329982252085286
v2clslavem,0.6814353989086995,0.23840733927825447,0.17928159853512396,0.07023302464340403
v2clslavef,0.6494260240641365,0.26233275904799774,0.1707052192473229,0.0972606632767236
v2cltrnslw,0.7693807250993437,0.46071558278123914,-0.019864995569640848,-0.007020629707529944
v2clrspct,0.6730946471787639,0.5790686062475946,-0.046688126432777824,0.01033038877806048
v2clacjstm,0.7843897335373045,0.44774847125610084,-0.0006374689534585365,-0.003482144556465023
v2clacjstw,0.7746587683253059,0.4693433034964166,0.05131736840753605,0.015978909725026066
v2clacjust,0.560532087300857,0.5576454669395712,0.1300896753795518,0.004408125586460122
v2clsocgrp,0.5859039157755619,0.40870631946410546,0.1926062579892936,0.01938465992716034
v2clrgunev,0.3115143037235931,0.6461771465060976,0.04452576074314772,0.018438647125042437
v2clsnlpct,-0.48510580148830174,-0.4962708841792097,-0.07357406336047413,-0.102358000977743
v2cldiscm,0.9026099068869775,0.21090238623702284,0.10307034180894875,0.03808145639797286
v2cldiscw,0.892801402919692,0.22969882624301166,0.12077355996325186,0.04448584543156624
v2clacfree,0.8940842202721548,0.14726329090048546,0.01683159152772961,0.053277100409228284
v2clrelig,0.7831491147920182,0.05181802749721898,0.003992175684933694,0.06417431661423784
v2clfmove,0.885783195417005,0.10587286400676182,0.08347233582373302,0.014836506514182574
v2cldmovem,0.7598461382690141,0.06003175385189713,0.16305600807902912,0.03445366319145575
v2cldmovew,0.7359092949052922,0.18248114532254228,0.23755706317731878,0.09017305942628939
v2clstown,0.7840715408080521,-0.16143686983434405,-0.06708579140567403,0.08946135443025399
v2clprptym,0.7735318411064394,0.07778747390447943,0.08834347933337189,0.09536370757875914
v2clprptyw,0.7400898528975591,0.26523438924310416,0.186026989748404,0.06915304554705877
v2svdomaut,0.3315053570243958,0.2746047237344723,0.21730091830436649,0.12727088786944057
v2svinlaut,0.37982693695109065,0.24427787655089575,0.2284324471319948,0.07987280295720381
v2svstterr,0.1319311475738894,0.5321265658392726,0.26155927629365866,0.008976550421736382
v2stfisccap,0.5916240790672997,0.4439113765546088,0.06961112424943608,0.09848723331614424
v2strenadm,0.2566935140620537,0.39121357380386257,0.18070793918135925,-0.1467898472269614
v2stcritrecadm,0.5872122688377287,0.4419309067015157,-0.12426210938159551,-0.06969490926716962
v2svindep,0.06584119324031032,0.02834719896560233,0.1483666333332502,0.07913428770452981
v2strenarm,0.12575874124642467,-0.02326778463743489,0.024499071512143915,-0.1682476521621157
v2stcritapparm,0.606471943479488,0.5060851221689483,-0.04504727595546561,-0.07578186415198569
v2cseeorgs,0.9197831195137603,0.04200647406180802,0.039717990882119046,-0.0007542197766202789
v2csreprss,0.903542700676783,0.20621054891913132,0.03787226560807719,0.001254567635595014
v2cscnsult,0.8430195541370322,0.20911925085019525,-0.019624749506972582,0.030362790523527812
v2csprtcpt,0.863680953649099,0.004754362689776581,-0.0018008262131289227,-0.0035476744005790706
v2csgender,0.6893143673094179,0.2849546915469626,0.2922093218159783,0.08663073185180957
v2csantimv,-0.20473698173370722,-0.5383293554743444,-0.14242139310575036,-0.04770646221373441
v2csrlgrep,0.8570696266076403,0.04274437687886201,-0.034043450814573314,0.024016880813264113
v2csrlgcon,0.5998198473250594,-0.15431318208634742,-0.12523819605216574,-0.12401450527563761
v2mecenefm,0.9070964921393561,0.21596661158246236,-0.021206347035544814,0.01469198308360007
v2mecrit,0.9331952902462404,0.046234786031671915,-0.01530978920425162,-0.01703479084236525
v2merange,0.9256122367490414,0.0003407432736174387,0.029185051780437045,-0.0010948263918205796
v2mefemjrn,0.42360101003926093,0.25124475280464775,0.441774295999163,0.14400776514501681
v2meharjrn,0.8741561820422987,0.2822559012960987,0.011543769960725987,0.0581592483991512
v2meslfcen,0.9115431709066047,0.06294381042119873,0.008000661852159002,0.041930384768701603
v2mebias,0.9313213339801671,0.004275890896279555,0.022531745209638555,0.01573145696597709
v2mecorrpt,0.8629457797349646,0.23571419951762476,-0.08869917689535647,0.003854129096867921
v2pepwrses,0.4688142860029617,0.4948952018563055,0.06231390448948352,-0.0710833112147481
v2pepwrsoc,0.6574344117991061,0.3880343504265362,0.0693702664448615,0.04399849211071952
v2pepwrgen,0.607124668970733,0.40665974975572455,0.2655854421791385,0.03313448241731644
v2pepwrort,0.6024171771662671,0.4500386265843815,0.008908132045386284,0.06425793545400033
v2peedueq,0.3298406367533414,0.7706350834404863,0.17723849373955375,0.04120583116123695
v2pehealth,0.42431438996076026,0.7634875950870059,0.12513936180960344,0.004561005570706586
v2peapsecon,0.42160272001137133,0.7597297326267051,0.13059323713793652,0.046601879141920544
v2peasjsoecon,0.4694950894151647,0.6800738664989622,0.15988156470903503,0.08596173893032606
v2peasbecon,0.4650118910262607,0.6895521874621588,0.12300881787947235,0.06922332820449943
v2clgencl,0.536398769204906,0.4770984095059566,0.39641415647518174,0.11707810245909919
v2peapsgen,0.4622088823970878,0.6798184825871001,0.2069389130666469,0.09074216526033818
v2peasjgen,0.5282071940333333,0.5685635370284333,0.2852244958654603,0.09567494992062829
v2peasbgen,0.48569126622259207,0.6334073633243134,0.22636704891512816,0.112479932363826
v2pepwrgeo,0.5062974124956847,0.457827704379893,-0.043196851988925616,-0.062389923755146987
v2clgeocl,0.5125923397830919,0.5882502044286471,0.18940563475820854,0.028193333262259326
v2peapsgeo,0.46018028172269054,0.732541551895479,0.16879275292960827,0.07356550286222935
v2peasjgeo,0.4660430361370853,0.5683221944061944,0.1831064208700543,0.054546817203596554
v2peasbegeo,0.4825075853481848,0.6759508140239487,0.11044298889003995,0.05930094515417476
v2clpolcl,0.8520000690518902,0.2517625016661327,0.008703379821349827,0.05701448389669235
v2peapspol,0.6503334853220509,0.46159412361975743,0.10223301589821938,0.16636506083759842
v2peasjpol,0.7003675114991909,0.4698449933312269,0.02045685925481916,0.08816898771578
v2peasbepol,0.6473074611773927,0.5704226094432157,-0.0047630209098245835,0.0792871080458904
v2peapssoc,0.4853265647598799,0.7029789939474642,0.16228024878696706,0.05979310317739405
v2peasjsoc,0.5991660795889282,0.5222814111275934,0.1740033481604448,0.12555176584790054
v2peasbsoc,0.6162350559622556,0.5681057112368156,0.10444314844904239,0.13815571486874134
v2exl_legitideol,-0.6864998460849473,-0.015115632629236514,0.12392507756405809,-0.15221054130990608
v2exl_legitlead,-0.6694359672197268,-0.2448169260918902,0.16315317992567213,-0.03146265389029661
v2exl_legitperf,0.18959036667331572,0.2869098742480224,0.3627632047345831,0.062415847080638714
v2exl_legitratio,0.5860742778851228,0.22072352031375242,0.228487197488487,0.06630712382025768
v2cacamps,-0.3807673866984856,-0.39784600769495126,0.05371893562377941,-0.04961514420378172
v2caviol,-0.18389529217111356,-0.6220434998325136,-0.15400910048203756,-0.06787243687089381
v2caassemb,0.9044012655029757,0.21095555591303078,0.025486104059667915,-0.0013549493389315784
v2cagenmob,0.22132637367919794,-0.31908980723780206,0.1308577595664398,0.03642114093143298
v2caconmob,-0.2267657206226274,0.029237314750572355,-0.1530097303632219,0.030054624445479267
v2cademmob,0.2473607350520762,-0.5020646292385554,0.14124790347991067,-0.013877129385115754
v2caautmob,-0.6397982699617311,-0.2539182137743342,0.12161322759360525,0.013306377160119863
v2castate,-0.6057554474708913,-0.22763635734579465,0.25720507495994316,-0.11252261983790188
v2catrauni,0.7033241053320912,0.04098210532116847,-0.03577880275528758,-0.0863022653540699
v2capolit,0.7232308397729372,-0.02737152076331989,0.037979715221480054,0.0070976157105590715
v2canonpol,0.5914403698980905,0.06598305597358534,-0.048611783027507925,0.05862239454630287
v2cauni,0.16447264348089363,-0.004784241778372875,0.13644828496126732,-0.0025964589558579373
v2caprotac,-0.1146174432405459,-0.08920569110140347,-0.2971838061500915,0.05272013955550246
v2cafres,0.9002653169058699,0.11108607074560425,0.03130214142776566,0.01687945056375543
v2cafexch,0.8891647862513138,0.11601292373778896,0.017641085849492682,0.039816564795284705
v2cainsaut,0.8585477124485292,0.04595684890830537,-0.009907535083217497,0.0182528029201329
v2casurv,0.8572455826417885,0.26280247896984926,0.025572016341272513,0.016202217429310654
v2cacritic,0.8626247681585344,-0.0046776920529684185,0.03551731900974356,0.044416263926427044
v2caacadfree,0.35668441440511045,0.025234258424735423,0.4231867767221542,0.09420029418435594
v2x_regime,0.8246969545423638,0.34149894695859945,0.13360979302761467,0.047085268130670675
v2x_regime_amb,0.838006598879685,0.350453997100939,0.13773116343338496,0.04546221660024502
v2x_accountability,0.9605021412841401,0.2278611285319135,0.06127389404443497,-0.005325830852447146
v2x_veracc,0.8442496748604696,0.2921544683561218,0.2551040048931159,-0.016192605991295572
v2x_diagacc,0.972181868285796,0.13341640735759075,0.04368942332538184,0.017462034660592166
v2x_horacc,0.8533905418744758,0.33677761158571223,-0.0426317648515169,-0.05607670045030442
v2x_ex_hereditary,-0.2019868753170943,0.03186377624834506,-0.23128716144098255,-0.0684028075043937
v2x_ex_military,-0.3163938511837806,-0.4291920779987162,-0.32197729287104676,0.11733212017081644
v2x_ex_party,-0.4070582622505857,0.2968824476075985,0.13234157741512365,-0.2956855492756635
v2x_ex_direlect,-0.011857895493348813,-0.43205509173647455,0.4650447083310692,0.3589894750873671
v2x_ex_confidence,0.5758826015064953,0.3161708177491531,-0.06860783128493628,-0.3397921390923263
v2xnp_regcorr,-0.4753919324284046,-0.7244693999063043,0.21877100040828057,0.04932453252070851
v2x_neopat,-0.7867238873396438,-0.5233758100736463,0.10153605018394621,0.0516169575161798
v2xnp_pres,-0.8665398591661803,-0.33453020623868746,0.030187002177995283,0.06758345016908297
v2xnp_client,-0.4206900349226187,-0.7532502159374977,0.02771343912410744,0.030903805828612737
v2x_civlib,0.9298739445090763,0.22570959390808099,0.13140565605226737,0.004215361340029099
v2x_clpriv,0.8883290711912792,0.1421943966162484,0.177288813762215,0.05001062998376102
v2x_clpol,0.9641675883543207,0.10822816346914577,0.10211823549843689,-0.0021323633462910986
v2x_clphy,0.7926672858573611,0.38069778881085353,0.10675302050640544,-0.03071923197664836
v2xpe_exlsocgr,-0.6530998717133155,-0.5741270414322727,-0.18490286119967675,-0.08955601210003433
v2xpe_exlgender,-0.5612578681590503,-0.6008752408664269,-0.3314308990731986,-0.09832259967675272
v2xpe_exlecon,-0.5167058691428972,-0.7339327510108494,-0.1781231611555891,-0.03470292260083119
v2xpe_exlpol,-0.7587531810690615,-0.4523033948038588,-0.06292281228966416,-0.07726121486112612
v2xpe_exlgeo,-0.5199648903244772,-0.6982674089266621,-0.18180237676419042,-0.04452736748285818
v2x_corr,-0.4459425859862073,-0.7520421428095729,0.23718912180135043,0.053973600446892214
v2x_pubcorr,-0.4686859830246828,-0.7057537377073021,0.2201521591788069,0.020472958635322523
v2x_execorr,-0.5024272185264432,-0.691965468292815,0.21229889935106117,0.03615593540893784
v2x_gender,0.7667451248642028,0.3713832756293358,0.37095031870347533,0.08151518646586096
v2x_gencl,0.8108688888942063,0.3185857147137795,0.2199353170794686,0.0629510126046834
v2x_gencs,0.7627880220049928,0.28757454169016894,0.3207059086805299,0.09137545836690894
v2x_genpp,0.47245567675242023,0.3749441003158575,0.4557137106034729,0.06242123940491258
v2x_rule,0.7274026005962306,0.5780454591679157,-0.12169278514508643,-0.05378149397638818
v2xcl_acjst,0.7897441690861529,0.4059902535556689,0.07688666556705502,-0.021043479697147902
v2xcl_prpty,0.7712256271677874,0.17799626238006672,0.17998981825658317,0.083189456207931
v2xdd_i_ci,0.15355651275586604,0.1996698901129536,-0.018000668986397184,0.6388514465861094
v2xdd_i_rf,0.15726894506042194,0.19360565376602004,-0.11451531949380311,0.6050860385366176
v2xdd_i_or,0.14184481467649332,0.08536918667656271,0.06814930845487277,0.4666191778800576
v2xdd_i_pl,-0.010564836956066366,-0.01577418933713444,0.27694924986938013,0.25926101667991125
v2xdd_cic,0.176885489855386,0.22416612101383754,-0.07248609212804602,0.7094154717740954
v2xdd_toc,0.07026314909564592,0.034799345897331774,0.2580759902063817,0.46483462650238466
v2xcs_ccsi,0.9446816328888039,0.07857077754089592,0.0644062973553383,-0.02078820322266715
v2x_elecreg,0.2982937326436771,0.12255008679542928,0.6358731607104935,-0.062754092013239
v2xex_elecreg,0.11987777788194016,-0.3801392055380083,0.535863333517751,0.3476325957517953
v2xlg_elecreg,0.29191691277667065,0.13638970528469052,0.6309378718413984,-0.07069536696873396
v2x_EDcomp_thick,0.8682341902550059,0.3272671468968958,0.19018255669901005,0.035908735334815645
v2x_freexp,0.952229699150432,0.15511826354339064,0.08226124777334225,0.012846160782150048
v2xme_altinf,0.949189626651398,0.01761605364707952,0.03888079383173774,-0.013813097624395077
v2xcl_dmove,0.7765820713044178,0.14576546294001166,0.2489575598361879,0.053082561795452864
v2xcl_slave,0.6721247770884273,0.23995154507233146,0.215607558605804,0.07541382446189257
v2xcl_disc,0.909706249753852,0.17702375679557533,0.1471439937897134,0.014822718202324362
v2xel_elecparl,0.09883841934311349,0.03941921410398122,0.11547957579380008,0.007952087245056694
v2xlg_leginter,-0.05016071015761975,-0.10291521903697053,-0.14486378503995828,0.00688427052732371
v2xel_elecpres,0.056864470335027,-0.14303423894410705,0.18853856639793337,0.1456821387884774
v2x_hosinter,-0.027050545549062645,-0.08880578212722617,-0.1118829536175115,0.03031981748248032
v2x_hosabort,-0.0025942332026575934,-0.058602989832184274,-0.02522547721722162,0.016153757247848913
v2x_legabort,-0.004647067798981892,-0.04015385416049811,-0.021860166241856386,0.007094768055419158
v2xex_elecleg,0.3228009449380738,0.14326811130867528,0.6196578162047156,-0.059655602440950445
v2xps_party,0.5230674064431675,0.5729516568135861,0.20792761596471027,-0.07111635329256222
v2x_divparctrl,0.1902028919592773,-0.11454384952334648,-0.14607355229410204,-0.0100141803932138
v2x_feduni,0.6487896900578067,0.2491247774854519,0.1232094287247636,0.08450585628931376
v2xca_academ,0.9197680870466214,0.13600364157135666,0.05053608864189693,0.027772562908250666
v2x_electoral_integrity,0.9617559013878034,0.1651291011213635,0.1044873989575396,-0.017360342317419855
v2x_polyarchy_stock,0.6776598375621672,0.4972392565157775,-0.05035512641886632,0.13911597469042858
v2x_libdem_stock,0.6613885143212321,0.5480764526882228,-0.11330272813284833,0.10402787196771068
v2x_partipdem_stock,0.6499666953107028,0.5297418651076888,-0.08478964153091334,0.17603790014161472
v2x_delibdem_stock,0.669192487831091,0.5285248783212586,-0.06850070759340168,0.12134889837494006
v2x_egaldem_stock,0.6161363430371067,0.623881942688097,0.007966233885677229,0.12297610734150652
v2xed_ed_inpt,-0.5489977318084351,-0.14162834131958157,0.30969067549843554,-0.1262311332132324
v2xed_ed_inco,-0.7130708254260553,-0.17587376813782682,0.2886240678546855,-0.12776707804026533
v2xed_ed_cent,-0.4544441979149171,-0.17355817625145573,0.3597669186752322,-0.16495381194680425
v2xed_ed_ptcon,-0.5333509490392863,-0.21165172664341933,0.26942480604091446,-0.07412955081485688
v2xedvd_inpt,-0.7313817873725147,-0.1677371338237092,0.27981648307946067,-0.113830303855961
v2xedvd_me_inco,-0.9516095297649203,-0.11402497184505112,-0.02418160848262243,-0.009014888442585578
v2xedvd_me_cent,-0.9436676582988925,-0.1284193704488901,-0.0015664456866631427,0.0064339405121626655
v2edcentcurrlm,-0.30076100263403766,-0.07650699683004512,0.3257840269686135,-0.2021953776038322
v2edcenttxbooks,-0.494865347098012,-0.24925908075661785,0.3166778487856103,-0.18009817020705088
